,open,high,low,close
2025-09-05 00:00:00,3552.6849999999995,3554.8500000000004,3552.6499999999996,3554.8500000000004
2025-09-05 00:01:00,3554.88,3555.435,3554.015,3554.7799999999997
2025-09-05 00:02:00,3554.75,3555.31,3554.4449999999997,3555.29
2025-09-05 00:03:00,3555.27,3556.315,3554.9,3555.1749999999997
2025-09-05 00:04:00,3555.2099999999996,3556.7035000000005,3553.3915,3554.82
2025-09-05 00:05:00,3554.84,3555.0150000000003,3551.54,3551.9685000000004
2025-09-05 00:06:00,3552.0264999999995,3552.7299999999996,3550.585,3551.2765
2025-09-05 00:07:00,3551.2264999999998,3553.5515000000005,3551.2100000000005,3553.5415000000003
2025-09-05 00:08:00,3553.5264999999995,3554.0165,3552.4320000000002,3553.2465
2025-09-05 00:09:00,3553.19,3553.2465,3551.7000000000003,3551.86
2025-09-05 00:10:00,3552.2850000000008,3552.8199999999997,3551.5315,3551.5315
2025-09-05 00:11:00,3551.6065,3552.28,3551.3165,3551.9914999999996
2025-09-05 00:12:00,3551.9649999999997,3552.8815,3551.9199999999996,3552.0200000000004
2025-09-05 00:13:00,3552.1699999999996,3552.2215,3551.5365,3551.9700000000003
2025-09-05 00:14:00,3552.0200000000004,3552.0200000000004,3550.855,3551.1150000000002
2025-09-05 00:15:00,3551.045,3551.425,3549.85,3550.0600000000004
2025-09-05 00:16:00,3550.085,3550.2750000000005,3549.18,3549.4750000000004
2025-09-05 00:17:00,3549.46,3550.5434999999998,3549.185,3549.8935
2025-09-05 00:18:00,3549.8635,3550.0834999999997,3549.6584999999995,3549.8985000000002
2025-09-05 00:19:00,3549.9285,3551.1835000000005,3549.9285,3551.1600000000003
2025-09-05 00:20:00,3551.1499999999996,3551.1499999999996,3549.7299999999996,3550.035
2025-09-05 00:21:00,3550.005,3551.1650000000004,3549.2385,3550.96
2025-09-05 00:22:00,3550.935,3552.4335,3550.935,3551.9950000000003
2025-09-05 00:23:00,3552.0150000000003,3552.48,3551.7250000000004,3552.075
2025-09-05 00:24:00,3552.1050000000005,3552.8850000000007,3551.99,3552.5750000000003
2025-09-05 00:25:00,3552.6249999999995,3552.74,3551.7250000000004,3552.2999999999997
2025-09-05 00:26:00,3552.25,3552.74,3551.84,3551.9500000000003
2025-09-05 00:27:00,3551.9300000000003,3552.115,3550.8849999999993,3551.005
2025-09-05 00:28:00,3550.855,3551.38,3550.77,3551.2
2025-09-05 00:29:00,3551.1700000000005,3552.1150000000007,3551.09,3551.4399999999996
2025-09-05 00:30:00,3551.4449999999997,3553.3,3551.4449999999997,3553.2035
2025-09-05 00:31:00,3553.2135,3553.6249999999995,3552.35,3553.06
2025-09-05 00:32:00,3553.01,3554.4449999999997,3553.01,3554.0549999999994
2025-09-05 00:33:00,3554.01,3554.75,3553.8650000000002,3554.015
2025-09-05 00:34:00,3553.985,3554.11,3553.62,3554.0499999999993
2025-09-05 00:35:00,3554.0999999999995,3554.835,3553.685,3554.2100000000005
2025-09-05 00:36:00,3554.2299999999996,3554.2299999999996,3552.845,3552.92
2025-09-05 00:37:00,3552.95,3553.66,3552.505,3553.6249999999995
2025-09-05 00:38:00,3553.6450000000004,3553.705,3553.08,3553.4
2025-09-05 00:39:00,3553.4149999999995,3553.8065,3553.02,3553.0299999999997
2025-09-05 00:40:00,3553.0649999999996,3553.335,3552.2949999999996,3552.33
2025-09-05 00:41:00,3552.315,3552.875,3552.0600000000004,3552.145
2025-09-05 00:42:00,3552.1500000000005,3552.5400000000004,3551.905,3552.1950000000006
2025-09-05 00:43:00,3552.22,3552.395,3551.715,3551.885
2025-09-05 00:44:00,3551.8950000000004,3551.9000000000005,3551.305,3551.75
2025-09-05 00:45:00,3551.76,3551.99,3550.9115,3551.0199999999995
2025-09-05 00:46:00,3550.9900000000002,3550.9900000000002,3549.42,3550.2300000000005
2025-09-05 00:47:00,3550.25,3551.9500000000003,3549.705,3551.78
2025-09-05 00:48:00,3551.8235000000004,3552.9485,3550.9950000000003,3552.9485
2025-09-05 00:49:00,3552.9385000000007,3553.2985,3552.4,3552.4
2025-09-05 00:50:00,3552.405,3552.5,3550.6635,3550.7235
2025-09-05 00:51:00,3550.7135000000007,3551.585,3550.4249999999997,3551.475
2025-09-05 00:52:00,3551.535,3552.0534999999995,3551.2799999999997,3551.715
2025-09-05 00:53:00,3551.69,3552.165,3551.41,3552.1549999999997
2025-09-05 00:54:00,3552.145,3552.53,3551.525,3551.55
2025-09-05 00:55:00,3551.4849999999997,3552.1,3550.535,3550.794999999999
2025-09-05 00:56:00,3550.815,3551.45,3550.7400000000002,3551.1650000000004
2025-09-05 00:57:00,3551.2349999999997,3552.0849999999996,3551.0149999999994,3552.0499999999997
2025-09-05 00:58:00,3552.0299999999997,3552.1100000000006,3551.35,3551.9500000000003
2025-09-05 00:59:00,3551.9649999999997,3552.7999999999997,3551.9649999999997,3552.27
2025-09-05 01:00:00,3552.23,3553.945,3552.0299999999997,3553.3450000000003
2025-09-05 01:01:00,3553.38,3553.965,3552.6600000000003,3553.08
2025-09-05 01:02:00,3553.1135,3554.8050000000003,3552.87,3554.13
2025-09-05 01:03:00,3554.1449999999995,3554.66,3553.7149999999997,3553.72
2025-09-05 01:04:00,3553.6785,3554.9449999999993,3553.5634999999997,3554.635
2025-09-05 01:05:00,3554.665,3555.445,3554.665,3555.2949999999996
2025-09-05 01:06:00,3555.29,3556.5550000000003,3555.18,3556.465
2025-09-05 01:07:00,3556.505,3556.6249999999995,3555.2549999999997,3555.645
2025-09-05 01:08:00,3555.6265000000003,3555.995,3554.3115,3554.84
2025-09-05 01:09:00,3554.8465,3554.9900000000002,3553.4149999999995,3553.6299999999997
2025-09-05 01:10:00,3553.6100000000006,3553.965,3552.7200000000003,3552.8849999999998
2025-09-05 01:11:00,3552.85,3552.965,3551.62,3552.379999999999
2025-09-05 01:12:00,3552.345,3552.43,3551.39,3551.7850000000003
2025-09-05 01:13:00,3551.745,3552.7100000000005,3551.6635,3551.8050000000003
2025-09-05 01:14:00,3551.815,3552.6700000000005,3551.3635,3552.5549999999994
2025-09-05 01:15:00,3552.5135,3552.7100000000005,3551.5235000000002,3552.7100000000005
2025-09-05 01:16:00,3552.6035,3553.095,3551.905,3553.05
2025-09-05 01:17:00,3553.0299999999997,3553.7350000000006,3553.02,3553.5649999999996
2025-09-05 01:18:00,3553.5449999999996,3553.685,3553.15,3553.6549999999997
2025-09-05 01:19:00,3553.6450000000004,3554.62,3553.6450000000004,3554.4449999999997
2025-09-05 01:20:00,3554.475,3554.9949999999994,3554.3199999999997,3554.43
2025-09-05 01:21:00,3554.4449999999997,3555.1000000000004,3554.41,3554.9750000000004
2025-09-05 01:22:00,3555.0150000000003,3555.0399999999995,3553.935,3554.2349999999997
2025-09-05 01:23:00,3554.2500000000005,3554.585,3554.155,3554.505
2025-09-05 01:24:00,3554.545,3555.2149999999997,3554.39,3554.8250000000003
2025-09-05 01:25:00,3554.855,3555.1650000000004,3554.4849999999997,3554.79
2025-09-05 01:26:00,3554.915,3555.0849999999996,3554.645,3554.985
2025-09-05 01:27:00,3555.0449999999996,3555.375,3554.685,3555.225
2025-09-05 01:28:00,3555.285,3555.285,3554.755,3555.1100000000006
2025-09-05 01:29:00,3555.1050000000005,3555.2300000000005,3554.3750000000005,3555.0650000000005
2025-09-05 01:30:00,3555.1370000000006,3555.5949999999993,3554.0315,3554.1449999999995
2025-09-05 01:31:00,3554.2349999999997,3555.2549999999997,3553.7149999999997,3554.8250000000003
2025-09-05 01:32:00,3554.8450000000003,3555.57,3554.8450000000003,3555.0600000000004
2025-09-05 01:33:00,3555.0750000000003,3555.995,3554.4049999999997,3554.435
2025-09-05 01:34:00,3554.415,3555.0649999999996,3554.2650000000003,3554.2949999999996
2025-09-05 01:35:00,3554.3300000000004,3554.47,3553.05,3553.705
2025-09-05 01:36:00,3553.6749999999997,3553.825,3553.0715,3553.1465
2025-09-05 01:37:00,3553.165,3553.8399999999997,3553.0099999999998,3553.3
2025-09-05 01:38:00,3553.285,3554.61,3553.285,3554.2265
2025-09-05 01:39:00,3554.215,3554.3315,3553.4264999999996,3553.5515000000005
2025-09-05 01:40:00,3553.5250000000005,3553.985,3553.1,3553.8849999999998
2025-09-05 01:41:00,3553.919999999999,3556.1499999999996,3553.919999999999,3555.59
2025-09-05 01:42:00,3555.63,3555.8800000000006,3554.4650000000006,3555.1649999999995
2025-09-05 01:43:00,3555.1699999999996,3555.245,3552.6250000000005,3553.4414999999995
2025-09-05 01:44:00,3553.3915,3553.9565,3552.2850000000008,3553.175
2025-09-05 01:45:00,3553.205,3553.5799999999995,3552.6764999999996,3552.9015
2025-09-05 01:46:00,3552.8365,3553.4900000000002,3552.8014999999996,3553.4265000000005
2025-09-05 01:47:00,3553.5065000000004,3553.7549999999997,3551.8215,3552.0565000000006
2025-09-05 01:48:00,3552.0465000000004,3552.6265000000003,3551.5515,3552.2765
2025-09-05 01:49:00,3552.3465,3552.6564999999996,3551.1614999999997,3551.285
2025-09-05 01:50:00,3551.2149999999997,3551.4365,3550.6515,3551.0565
2025-09-05 01:51:00,3550.98,3551.9115,3550.8650000000002,3551.6414999999997
2025-09-05 01:52:00,3551.7,3552.0399999999995,3550.9015,3550.9315
2025-09-05 01:53:00,3550.6550000000007,3551.425,3550.6114999999995,3551.1265000000003
2025-09-05 01:54:00,3551.1915000000004,3551.5015000000003,3549.965,3550.3815000000004
2025-09-05 01:55:00,3550.4265000000005,3551.2815000000005,3550.4265000000005,3550.9015000000004
2025-09-05 01:56:00,3550.9265,3552.321499999999,3550.775,3552.0465000000004
2025-09-05 01:57:00,3552.1214999999997,3552.6165,3551.835,3552.2165
2025-09-05 01:58:00,3552.2265000000007,3552.5115,3551.8365000000003,3552.1115
2025-09-05 01:59:00,3552.1315,3552.9314999999997,3552.1164999999996,3552.4500000000003
2025-09-05 02:00:00,3552.3765,3552.7315000000003,3551.1115000000004,3551.9265000000005
2025-09-05 02:01:00,3551.9064999999996,3553.6815000000006,3551.82,3552.6314999999995
2025-09-05 02:02:00,3552.6165,3552.8115,3551.8900000000003,3552.0015000000003
2025-09-05 02:03:00,3551.9964999999997,3552.3165,3551.7015,3552.2215
2025-09-05 02:04:00,3552.2814999999996,3553.4115,3552.2814999999996,3553.14
2025-09-05 02:05:00,3553.1499999999996,3553.7864999999997,3553.0115,3553.6915
2025-09-05 02:06:00,3553.7065,3555.43,3553.5915000000005,3554.3965
2025-09-05 02:07:00,3554.4114999999997,3554.9864999999995,3554.0814999999993,3554.7765
2025-09-05 02:08:00,3554.8265,3554.8465,3553.8849999999998,3554.105
2025-09-05 02:09:00,3554.1150000000002,3554.1150000000002,3553.465,3553.5299999999997
2025-09-05 02:10:00,3553.5499999999997,3553.5800000000004,3552.5750000000003,3552.7650000000003
2025-09-05 02:11:00,3552.805,3552.875,3552.0849999999996,3552.5149999999994
2025-09-05 02:12:00,3552.5400000000004,3552.87,3551.7799999999993,3552.87
2025-09-05 02:13:00,3552.875,3553.0099999999998,3551.9700000000003,3552.0899999999997
2025-09-05 02:14:00,3552.0449999999996,3552.235,3551.465,3551.51
2025-09-05 02:15:00,3551.5299999999997,3551.9400000000005,3551.29,3551.8100000000004
2025-09-05 02:16:00,3551.7750000000005,3552.7699999999995,3551.6800000000003,3552.504999999999
2025-09-05 02:17:00,3552.4900000000002,3552.8850000000007,3552.3849999999998,3552.5750000000003
2025-09-05 02:18:00,3552.6049999999996,3552.895,3552.4649999999992,3552.4649999999992
2025-09-05 02:19:00,3552.485,3552.6399999999994,3552.0449999999996,3552.61
2025-09-05 02:20:00,3552.6300000000006,3552.965,3552.1050000000005,3552.4500000000003
2025-09-05 02:21:00,3552.28,3552.28,3551.8649999999993,3551.88
2025-09-05 02:22:00,3551.88,3552.44,3551.8749999999995,3552.375
2025-09-05 02:23:00,3552.475,3552.5750000000003,3551.1449999999995,3551.1650000000004
2025-09-05 02:24:00,3551.1700000000005,3551.6265,3550.75,3551.3315000000007
2025-09-05 02:25:00,3551.4265,3551.8564999999994,3551.1899999999996,3551.5615
2025-09-05 02:26:00,3551.5550000000003,3551.6615,3551.2700000000004,3551.3615
2025-09-05 02:27:00,3551.3514999999998,3551.3514999999998,3550.1850000000004,3550.3950000000004
2025-09-05 02:28:00,3550.3749999999995,3550.6749999999997,3550.1800000000003,3550.4800000000005
2025-09-05 02:29:00,3550.5250000000005,3550.5265,3549.6949999999997,3550.28
2025-09-05 02:30:00,3550.26,3550.26,3548.5,3548.7650000000003
2025-09-05 02:31:00,3548.78,3549.155,3546.8064999999997,3546.9465
2025-09-05 02:32:00,3546.9314999999997,3547.71,3545.9100000000008,3546.4565000000002
2025-09-05 02:33:00,3546.4065000000005,3547.1565,3546.0965,3546.7065
2025-09-05 02:34:00,3546.68,3547.6165,3546.3965000000003,3547.5415
2025-09-05 02:35:00,3547.6565,3547.9515000000006,3546.795,3547.4565
2025-09-05 02:36:00,3547.4715000000006,3548.475,3547.4715000000006,3548.1000000000004
2025-09-05 02:37:00,3548.1049999999996,3549.6364999999996,3548.095,3549.6364999999996
2025-09-05 02:38:00,3549.66,3550.1315000000004,3548.8399999999997,3548.9449999999997
2025-09-05 02:39:00,3548.9400000000005,3549.22,3548.2799999999997,3549.095
2025-09-05 02:40:00,3549.0700000000006,3551.0000000000005,3549.0700000000006,3550.8650000000002
2025-09-05 02:41:00,3550.89,3551.0599999999995,3550.1400000000003,3550.45
2025-09-05 02:42:00,3550.5099999999998,3550.72,3550.4150000000004,3550.7099999999996
2025-09-05 02:43:00,3550.725,3551.01,3550.2885,3550.4350000000004
2025-09-05 02:44:00,3550.4450000000006,3550.535,3549.855,3550.205
2025-09-05 02:45:00,3550.4449999999997,3550.4599999999996,3549.1884999999997,3549.4900000000002
2025-09-05 02:46:00,3549.5649999999996,3550.105,3549.5649999999996,3550.065
2025-09-05 02:47:00,3550.0249999999996,3550.0550000000003,3549.225,3549.225
2025-09-05 02:48:00,3549.205,3549.205,3548.55,3548.8900000000003
2025-09-05 02:49:00,3548.8849999999998,3550.0600000000004,3548.8100000000004,3549.8999999999996
2025-09-05 02:50:00,3549.913,3551.1735000000003,3549.913,3551.0
2025-09-05 02:51:00,3551.025,3552.505,3551.025,3552.2329999999997
2025-09-05 02:52:00,3552.255,3552.4500000000003,3550.8015,3550.88
2025-09-05 02:53:00,3550.96,3551.305,3550.2700000000004,3550.3115000000003
2025-09-05 02:54:00,3550.3349999999996,3551.415,3550.0699999999997,3551.285
2025-09-05 02:55:00,3551.305,3551.6549999999997,3550.5499999999997,3550.5499999999997
2025-09-05 02:56:00,3550.5650000000005,3550.985,3550.3650000000002,3550.8300000000004
2025-09-05 02:57:00,3550.8700000000003,3550.8700000000003,3550.3100000000004,3550.3100000000004
2025-09-05 02:58:00,3550.2700000000004,3550.3950000000004,3549.4749999999995,3550.075
2025-09-05 02:59:00,3550.135,3551.0350000000003,3550.12,3550.9699999999993
2025-09-05 03:00:00,3550.985,3551.2599999999998,3550.71,3550.71
2025-09-05 03:01:00,3550.68,3550.79,3549.7550000000006,3549.77
2025-09-05 03:02:00,3549.815,3550.02,3549.2000000000003,3549.5400000000004
2025-09-05 03:03:00,3549.6499999999996,3549.6549999999997,3548.7049999999995,3549.105
2025-09-05 03:04:00,3549.0700000000006,3549.32,3548.865,3548.9449999999997
2025-09-05 03:05:00,3548.9249999999997,3549.045,3548.7650000000003,3548.9849999999997
2025-09-05 03:06:00,3549.0300000000007,3549.6000000000004,3549.0099999999998,3549.42
2025-09-05 03:07:00,3549.44,3550.4049999999997,3549.3899999999994,3550.2399999999993
2025-09-05 03:08:00,3550.21,3550.7185,3550.16,3550.5200000000004
2025-09-05 03:09:00,3550.5485,3554.9099999999994,3550.5385000000006,3554.4035
2025-09-05 03:10:00,3554.3885000000005,3554.645,3553.83,3554.345
2025-09-05 03:11:00,3554.3799999999997,3554.4049999999997,3553.205,3553.825
2025-09-05 03:12:00,3553.85,3554.4200000000005,3553.4000000000005,3553.9249999999997
2025-09-05 03:13:00,3553.945,3554.135,3553.5600000000004,3553.9
2025-09-05 03:14:00,3553.87,3554.0350000000003,3553.4750000000004,3554.015
2025-09-05 03:15:00,3554.05,3554.05,3553.4500000000003,3553.7800000000007
2025-09-05 03:16:00,3553.825,3553.8849999999998,3553.5899999999997,3553.6500000000005
2025-09-05 03:17:00,3553.6249999999995,3553.775,3553.26,3553.4984999999997
2025-09-05 03:18:00,3553.6900000000005,3554.365,3553.6085,3554.2699999999995
2025-09-05 03:19:00,3554.2949999999996,3554.2949999999996,3553.4599999999996,3553.5650000000005
2025-09-05 03:20:00,3553.5349999999994,3554.41,3553.5349999999994,3554.41
2025-09-05 03:21:00,3554.37,3554.73,3554.1484999999993,3554.3400000000006
2025-09-05 03:22:00,3554.3199999999997,3554.8385,3554.2500000000005,3554.8
2025-09-05 03:23:00,3554.785,3555.2350000000006,3554.73,3554.81
2025-09-05 03:24:00,3554.74,3555.0800000000004,3554.5649999999996,3554.6099999999997
2025-09-05 03:25:00,3554.6400000000003,3554.76,3554.15,3554.66
2025-09-05 03:26:00,3554.7,3554.88,3554.45,3554.75
2025-09-05 03:27:00,3554.73,3555.39,3554.71,3555.39
2025-09-05 03:28:00,3555.37,3555.7299999999996,3555.05,3555.405
2025-09-05 03:29:00,3555.39,3555.5949999999993,3555.03,3555.2800000000007
2025-09-05 03:30:00,3555.37,3555.8300000000004,3555.2300000000005,3555.54
2025-09-05 03:31:00,3555.5,3556.075,3555.5,3555.8385000000003
2025-09-05 03:32:00,3555.8435000000004,3558.0535,3555.78,3557.815
2025-09-05 03:33:00,3557.8,3557.8,3556.965,3557.535
2025-09-05 03:34:00,3557.5099999999998,3557.5099999999998,3556.415,3557.21
2025-09-05 03:35:00,3557.2050000000004,3557.96,3556.85,3557.75
2025-09-05 03:36:00,3557.715,3557.92,3556.8015000000005,3556.9915
2025-09-05 03:37:00,3556.9665,3558.155,3556.9615,3558.07
2025-09-05 03:38:00,3558.085,3558.2499999999995,3557.2365000000004,3557.4249999999997
2025-09-05 03:39:00,3557.4264999999996,3557.94,3557.4150000000004,3557.555
2025-09-05 03:40:00,3557.5500000000006,3557.995,3557.1715,3557.9300000000003
2025-09-05 03:41:00,3558.03,3558.03,3557.2500000000005,3557.4600000000005
2025-09-05 03:42:00,3557.4399999999996,3558.025,3557.3750000000005,3557.8900000000003
2025-09-05 03:43:00,3557.9049999999997,3558.2549999999997,3557.715,3557.75
2025-09-05 03:44:00,3557.63,3557.91,3557.5199999999995,3557.885
2025-09-05 03:45:00,3557.8450000000003,3558.0799999999995,3557.5500000000006,3557.555
2025-09-05 03:46:00,3557.535,3557.83,3556.96,3557.74
2025-09-05 03:47:00,3557.7200000000003,3557.795,3556.94,3557.135
2025-09-05 03:48:00,3557.1150000000002,3557.3899999999994,3556.7949999999996,3557.2199999999993
2025-09-05 03:49:00,3557.2599999999993,3558.1199999999994,3557.2000000000003,3558.1199999999994
2025-09-05 03:50:00,3557.96,3558.1699999999996,3557.625,3557.84
2025-09-05 03:51:00,3557.795,3557.85,3557.5499999999997,3557.85
2025-09-05 03:52:00,3557.825,3557.9115,3557.4649999999997,3557.575
2025-09-05 03:53:00,3557.6099999999997,3558.5,3557.6099999999997,3558.48
2025-09-05 03:54:00,3558.4649999999997,3559.0899999999997,3558.1450000000004,3558.4865
2025-09-05 03:55:00,3558.4964999999997,3558.6,3558.1249999999995,3558.5049999999997
2025-09-05 03:56:00,3558.49,3558.695,3558.305,3558.4050000000007
2025-09-05 03:57:00,3558.4450000000006,3558.8949999999995,3558.4050000000007,3558.885
2025-09-05 03:58:00,3558.8949999999995,3559.12,3558.885,3558.885
2025-09-05 03:59:00,3558.8650000000002,3558.8700000000003,3558.3349999999996,3558.395
2025-09-05 04:00:00,3558.46,3558.695,3558.2800000000007,3558.53
2025-09-05 04:01:00,3558.5099999999998,3558.9299999999994,3557.5599999999995,3557.645
2025-09-05 04:02:00,3557.685,3557.685,3556.855,3557.185
2025-09-05 04:03:00,3557.215,3557.32,3556.835,3556.9900000000002
2025-09-05 04:04:00,3557.0634999999997,3557.185,3556.3785,3556.7785
2025-09-05 04:05:00,3556.8635,3557.4650000000006,3556.7634999999996,3557.085
2025-09-05 04:06:00,3557.075,3557.3,3557.06,3557.1799999999994
2025-09-05 04:07:00,3557.2000000000003,3557.7349999999997,3557.2000000000003,3557.705
2025-09-05 04:08:00,3557.745,3557.885,3557.685,3557.74
2025-09-05 04:09:00,3557.7,3557.9049999999997,3557.3700000000003,3557.9049999999997
2025-09-05 04:10:00,3557.9065,3557.995,3557.34,3557.3999999999996
2025-09-05 04:11:00,3557.3799999999997,3557.66,3557.2599999999993,3557.66
2025-09-05 04:12:00,3557.67,3557.7235,3557.5299999999997,3557.7235
2025-09-05 04:13:00,3557.7285,3558.0385,3557.3549999999996,3557.3599999999997
2025-09-05 04:14:00,3557.3750000000005,3557.795,3557.3750000000005,3557.76
2025-09-05 04:15:00,3557.745,3558.045,3557.4664999999995,3557.56
2025-09-05 04:16:00,3557.5415,3557.715,3557.47,3557.5000000000005
2025-09-05 04:17:00,3557.47,3557.7065000000002,3557.09,3557.705
2025-09-05 04:18:00,3557.67,3558.0799999999995,3557.625,3558.0799999999995
2025-09-05 04:19:00,3558.065,3558.2450000000003,3557.685,3558.2149999999997
2025-09-05 04:20:00,3558.1949999999997,3558.525,3558.175,3558.48
2025-09-05 04:21:00,3558.4049999999997,3558.52,3558.03,3558.1850000000004
2025-09-05 04:22:00,3558.2200000000003,3558.33,3558.0765,3558.0915000000005
2025-09-05 04:23:00,3558.1015,3558.395,3558.04,3558.0650000000005
2025-09-05 04:24:00,3558.085,3558.3150000000005,3558.0600000000004,3558.305
2025-09-05 04:25:00,3558.345,3558.345,3557.745,3557.92
2025-09-05 04:26:00,3557.94,3558.0550000000003,3557.8199999999997,3558.0550000000003
2025-09-05 04:27:00,3558.0,3558.1800000000003,3557.98,3558.0950000000003
2025-09-05 04:28:00,3558.0600000000004,3558.0600000000004,3557.4649999999997,3557.515
2025-09-05 04:29:00,3557.535,3557.9935,3557.4200000000005,3557.8199999999997
2025-09-05 04:30:00,3557.79,3557.9449999999993,3557.785,3557.79
2025-09-05 04:31:00,3557.845,3558.045,3557.745,3557.745
2025-09-05 04:32:00,3557.725,3557.76,3557.0165,3557.2699999999995
2025-09-05 04:33:00,3557.3050000000003,3557.3599999999997,3556.87,3557.1565
2025-09-05 04:34:00,3557.2265,3557.2265,3556.275,3557.1
2025-09-05 04:35:00,3557.055,3557.3785000000003,3556.425,3557.1749999999993
2025-09-05 04:36:00,3557.195,3558.1185000000005,3557.195,3557.955
2025-09-05 04:37:00,3557.9750000000004,3558.7685,3557.94,3558.6600000000003
2025-09-05 04:38:00,3558.64,3558.9550000000004,3558.3150000000005,3558.3550000000005
2025-09-05 04:39:00,3558.4049999999997,3558.695,3558.285,3558.43
2025-09-05 04:40:00,3558.435,3559.25,3558.435,3559.0900000000006
2025-09-05 04:41:00,3559.1099999999997,3559.1499999999996,3558.86,3559.0384999999997
2025-09-05 04:42:00,3559.0434999999998,3559.2385,3558.925,3558.9635000000003
2025-09-05 04:43:00,3558.9600000000005,3559.21,3558.8499999999995,3558.8749999999995
2025-09-05 04:44:00,3558.8984999999993,3558.925,3558.2999999999997,3558.5499999999997
2025-09-05 04:45:00,3558.52,3558.63,3558.2799999999997,3558.61
2025-09-05 04:46:00,3558.645,3558.9500000000003,3558.6135,3558.7385
2025-09-05 04:47:00,3558.7235,3558.84,3558.53,3558.6585
2025-09-05 04:48:00,3558.6735000000003,3558.7085,3557.67,3557.8050000000003
2025-09-05 04:49:00,3557.85,3557.98,3557.73,3557.73
2025-09-05 04:50:00,3557.765,3557.945,3557.7,3557.825
2025-09-05 04:51:00,3557.845,3558.01,3557.3300000000004,3557.9449999999993
2025-09-05 04:52:00,3557.96,3558.41,3557.86,3558.1900000000005
2025-09-05 04:53:00,3558.155,3558.735,3558.1400000000003,3558.555
2025-09-05 04:54:00,3558.5585,3558.5585,3558.1699999999996,3558.4649999999997
2025-09-05 04:55:00,3558.505,3558.655,3558.43,3558.65
2025-09-05 04:56:00,3558.655,3558.99,3558.455,3558.8849999999993
2025-09-05 04:57:00,3558.86,3559.0000000000005,3558.52,3559.0000000000005
2025-09-05 04:58:00,3558.9299999999994,3559.08,3558.8085,3558.8634999999995
2025-09-05 04:59:00,3558.82,3558.8634999999995,3558.52,3558.61
2025-09-05 05:00:00,3558.65,3558.86,3558.48,3558.7050000000004
2025-09-05 05:01:00,3558.77,3559.24,3558.735,3559.2349999999997
2025-09-05 05:02:00,3559.31,3560.065,3559.31,3559.6199999999994
2025-09-05 05:03:00,3559.6599999999994,3560.015,3559.65,3560.015
2025-09-05 05:04:00,3560.025,3560.12,3559.8100000000004,3559.995
2025-09-05 05:05:00,3560.0300000000007,3560.0499999999997,3559.6649999999995,3559.7350000000006
2025-09-05 05:06:00,3559.7049999999995,3559.7049999999995,3558.9550000000004,3559.0199999999995
2025-09-05 05:07:00,3559.0400000000004,3560.5635000000007,3558.7649999999994,3560.32
2025-09-05 05:08:00,3560.34,3561.2299999999996,3560.34,3561.11
2025-09-05 05:09:00,3561.0750000000003,3561.2700000000004,3558.67,3558.7015
2025-09-05 05:10:00,3558.6865000000003,3558.7615,3557.6549999999997,3558.025
2025-09-05 05:11:00,3558.07,3558.0950000000003,3557.4665000000005,3557.8115
2025-09-05 05:12:00,3557.77,3557.7749999999996,3557.3464999999997,3557.7015
2025-09-05 05:13:00,3557.7065000000002,3558.0799999999995,3557.6965,3557.8665
2025-09-05 05:14:00,3557.8715,3558.1715000000004,3557.23,3557.5364999999997
2025-09-05 05:15:00,3557.5415,3557.8514999999998,3557.4799999999996,3557.8215
2025-09-05 05:16:00,3557.8165,3557.9815,3557.5164999999997,3557.9015
2025-09-05 05:17:00,3557.9065,3558.4765000000007,3557.9015,3558.3614999999995
2025-09-05 05:18:00,3558.3315,3558.3415000000005,3557.3315000000002,3557.5415
2025-09-05 05:19:00,3557.5564999999997,3557.9265,3557.2514999999994,3557.6515
2025-09-05 05:20:00,3557.6014999999998,3557.7465,3557.3700000000003,3557.4300000000003
2025-09-05 05:21:00,3557.4600000000005,3557.5564999999997,3557.2765000000004,3557.4664999999995
2025-09-05 05:22:00,3557.4764999999998,3557.6,3557.4515000000006,3557.5699999999997
2025-09-05 05:23:00,3557.6515,3557.6515,3556.41,3556.6865
2025-09-05 05:24:00,3556.7014999999997,3556.7115000000003,3555.8115000000003,3556.1499999999996
2025-09-05 05:25:00,3556.17,3556.935,3556.17,3556.935
2025-09-05 05:26:00,3556.9500000000007,3556.96,3556.72,3556.9049999999997
2025-09-05 05:27:00,3556.935,3557.19,3556.7599999999998,3556.8849999999998
2025-09-05 05:28:00,3556.8600000000006,3557.14,3556.8600000000006,3557.08
2025-09-05 05:29:00,3557.1,3557.2400000000002,3556.85,3557.19
2025-09-05 05:30:00,3557.03,3557.5099999999998,3556.5750000000003,3557.2249999999995
2025-09-05 05:31:00,3557.1600000000003,3557.885,3557.1600000000003,3557.875
2025-09-05 05:32:00,3557.865,3559.37,3557.785,3559.115
2025-09-05 05:33:00,3559.08,3559.1300000000006,3557.49,3557.515
2025-09-05 05:34:00,3557.535,3558.2099999999996,3557.165,3558.025
2025-09-05 05:35:00,3558.07,3559.125,3558.05,3559.0699999999997
2025-09-05 05:36:00,3559.0249999999996,3560.1150000000002,3558.705,3559.525
2025-09-05 05:37:00,3559.505,3559.6649999999995,3557.6865,3557.9
2025-09-05 05:38:00,3557.8965,3558.435,3557.7,3558.3515000000007
2025-09-05 05:39:00,3558.3664999999996,3558.8665,3558.1514999999995,3558.2965000000004
2025-09-05 05:40:00,3558.2264999999998,3558.4964999999997,3557.625,3557.7215
2025-09-05 05:41:00,3557.685,3557.685,3556.765,3557.2900000000004
2025-09-05 05:42:00,3557.295,3557.9065,3556.72,3556.7264999999998
2025-09-05 05:43:00,3556.7165000000005,3556.98,3556.5950000000003,3556.6900000000005
2025-09-05 05:44:00,3556.74,3557.0750000000003,3556.065,3556.2250000000004
2025-09-05 05:45:00,3556.215,3557.3750000000005,3555.975,3557.3499999999995
2025-09-05 05:46:00,3557.3700000000003,3557.665,3557.065,3557.09
2025-09-05 05:47:00,3557.11,3557.3349999999996,3556.8200000000006,3557.2699999999995
2025-09-05 05:48:00,3557.2450000000003,3557.98,3557.2450000000003,3557.975
2025-09-05 05:49:00,3558.1249999999995,3558.8450000000003,3557.775,3558.415
2025-09-05 05:50:00,3558.4450000000006,3558.505,3557.5650000000005,3557.885
2025-09-05 05:51:00,3557.875,3558.025,3557.5699999999997,3557.665
2025-09-05 05:52:00,3557.645,3557.6949999999997,3556.415,3556.415
2025-09-05 05:53:00,3556.42,3556.59,3555.7050000000004,3556.175
2025-09-05 05:54:00,3556.225,3556.9,3555.99,3556.7149999999997
2025-09-05 05:55:00,3556.745,3557.5900000000006,3556.5399999999995,3556.6099999999997
2025-09-05 05:56:00,3556.5750000000003,3557.765,3556.545,3557.4150000000004
2025-09-05 05:57:00,3557.3949999999995,3557.785,3557.0319999999997,3557.5320000000006
2025-09-05 05:58:00,3557.5069999999996,3558.1315000000004,3556.9249999999997,3556.9249999999997
2025-09-05 05:59:00,3556.945,3557.8869999999997,3556.945,3557.792
2025-09-05 06:00:00,3557.8450000000003,3558.09,3556.485,3556.525
2025-09-05 06:01:00,3556.545,3557.205,3556.5399999999995,3556.6549999999997
2025-09-05 06:02:00,3556.635,3557.515,3556.29,3557.2199999999993
2025-09-05 06:03:00,3557.235,3557.34,3556.065,3556.415
2025-09-05 06:04:00,3556.4,3556.7749999999996,3555.6600000000003,3556.5649999999996
2025-09-05 06:05:00,3556.6150000000002,3556.6299999999997,3555.205,3555.625
2025-09-05 06:06:00,3555.63,3555.7365000000004,3554.615,3554.86
2025-09-05 06:07:00,3554.835,3554.9099999999994,3553.1665000000003,3554.1399999999994
2025-09-05 06:08:00,3554.2949999999996,3555.0550000000003,3554.045,3554.595
2025-09-05 06:09:00,3554.585,3555.435,3554.195,3554.495
2025-09-05 06:10:00,3554.475,3554.715,3554.0550000000003,3554.135
2025-09-05 06:11:00,3554.1150000000002,3554.1849999999995,3552.7000000000003,3552.8350000000005
2025-09-05 06:12:00,3552.8350000000005,3553.05,3551.5865,3552.6049999999996
2025-09-05 06:13:00,3552.6200000000003,3552.6300000000006,3551.1850000000004,3551.99
2025-09-05 06:14:00,3551.9700000000003,3552.3650000000002,3551.245,3551.3150000000005
2025-09-05 06:15:00,3551.245,3552.6200000000003,3551.1249999999995,3552.375
2025-09-05 06:16:00,3552.4,3552.7699999999995,3551.8650000000002,3552.125
2025-09-05 06:17:00,3552.145,3552.485,3550.3349999999996,3551.605
2025-09-05 06:18:00,3551.575,3552.1349999999998,3551.2465000000007,3551.285
2025-09-05 06:19:00,3551.29,3551.585,3550.9550000000004,3551.3549999999996
2025-09-05 06:20:00,3551.3565,3551.3599999999997,3550.175,3550.3500000000004
2025-09-05 06:21:00,3550.32,3550.4199999999996,3549.7,3550.105
2025-09-05 06:22:00,3550.075,3550.3549999999996,3548.9150000000004,3550.2300000000005
2025-09-05 06:23:00,3550.205,3550.4199999999996,3548.9350000000004,3549.085
2025-09-05 06:24:00,3549.015,3549.285,3548.6150000000002,3549.0300000000007
2025-09-05 06:25:00,3549.015,3549.88,3548.9150000000004,3549.705
2025-09-05 06:26:00,3549.7,3550.4150000000004,3549.7,3549.915
2025-09-05 06:27:00,3549.7,3549.85,3548.23,3548.9249999999997
2025-09-05 06:28:00,3548.9400000000005,3550.705,3548.8750000000005,3550.65
2025-09-05 06:29:00,3550.695,3551.575,3550.5134999999996,3551.52
2025-09-05 06:30:00,3551.505,3552.405,3551.475,3551.73
2025-09-05 06:31:00,3551.75,3552.4100000000003,3551.59,3552.4100000000003
2025-09-05 06:32:00,3552.395,3552.845,3552.375,3552.445
2025-09-05 06:33:00,3552.355,3553.7149999999997,3552.355,3553.4585
2025-09-05 06:34:00,3553.4435000000003,3553.915,3553.234999999999,3553.4350000000004
2025-09-05 06:35:00,3553.4849999999997,3553.935,3552.4335,3552.4885
2025-09-05 06:36:00,3552.3385000000003,3553.225,3552.3385000000003,3553.225
2025-09-05 06:37:00,3553.1800000000003,3553.24,3552.4735,3552.5635
2025-09-05 06:38:00,3552.5835,3553.895,3552.2985,3553.835
2025-09-05 06:39:00,3553.795,3553.8534999999997,3552.7149999999997,3553.025
2025-09-05 06:40:00,3552.98,3553.385,3552.7949999999996,3552.96
2025-09-05 06:41:00,3552.7949999999996,3553.3050000000003,3552.7000000000003,3553.0249999999996
2025-09-05 06:42:00,3553.08,3553.83,3553.05,3553.825
2025-09-05 06:43:00,3553.845,3553.845,3553.23,3553.29
2025-09-05 06:44:00,3553.2650000000003,3553.4599999999996,3552.38,3552.61
2025-09-05 06:45:00,3552.7099999999996,3552.7349999999997,3552.28,3552.36
2025-09-05 06:46:00,3552.375,3552.89,3552.185,3552.875
2025-09-05 06:47:00,3552.895,3553.7999999999997,3552.895,3553.6285
2025-09-05 06:48:00,3553.5600000000004,3553.6500000000005,3553.015,3553.085
2025-09-05 06:49:00,3553.055,3553.285,3552.1514999999995,3552.2464999999997
2025-09-05 06:50:00,3552.1699999999996,3552.6515000000004,3552.1699999999996,3552.2315
2025-09-05 06:51:00,3552.2049999999995,3552.7214999999997,3552.185,3552.335
2025-09-05 06:52:00,3552.315,3552.7999999999997,3552.275,3552.7950000000005
2025-09-05 06:53:00,3552.7649999999994,3552.7649999999994,3552.2999999999997,3552.435
2025-09-05 06:54:00,3552.4500000000003,3552.7100000000005,3552.3849999999998,3552.525
2025-09-05 06:55:00,3552.57,3552.935,3552.3650000000002,3552.5400000000004
2025-09-05 06:56:00,3552.6300000000006,3553.2650000000003,3552.57,3552.92
2025-09-05 06:57:00,3552.8549999999996,3553.5899999999997,3552.7349999999997,3553.4500000000003
2025-09-05 06:58:00,3553.5300000000007,3553.5300000000007,3552.46,3553.13
2025-09-05 06:59:00,3553.1400000000003,3553.425,3552.7050000000004,3552.7749999999996
2025-09-05 07:00:00,3552.8099999999995,3553.2,3552.3915,3552.54
2025-09-05 07:01:00,3552.5599999999995,3553.27,3552.54,3552.6800000000003
2025-09-05 07:02:00,3552.6699999999996,3552.7050000000004,3551.8650000000002,3552.22
2025-09-05 07:03:00,3552.18,3552.61,3551.635,3551.9649999999997
2025-09-05 07:04:00,3551.9300000000003,3552.355,3551.8100000000004,3551.885
2025-09-05 07:05:00,3551.9449999999997,3552.035,3550.705,3550.78
2025-09-05 07:06:00,3550.8,3551.0684999999994,3549.395,3550.3100000000004
2025-09-05 07:07:00,3550.4000000000005,3552.5265,3550.3650000000002,3552.3215
2025-09-05 07:08:00,3552.3315,3553.23,3552.1050000000005,3553.21
2025-09-05 07:09:00,3553.12,3554.3664999999996,3553.105,3553.385
2025-09-05 07:10:00,3553.315,3553.845,3551.8315000000002,3551.8964999999994
2025-09-05 07:11:00,3551.9165000000003,3552.1315,3551.0350000000003,3551.9615000000003
2025-09-05 07:12:00,3551.8249999999994,3552.2599999999998,3551.535,3552.205
2025-09-05 07:13:00,3552.185,3552.23,3549.5215000000003,3549.6615000000006
2025-09-05 07:14:00,3549.6814999999997,3550.4015000000004,3549.5414999999994,3550.3315000000002
2025-09-05 07:15:00,3550.3415000000005,3550.6465,3548.6215,3549.0865
2025-09-05 07:16:00,3548.9765000000007,3549.1715,3548.3415,3548.7215
2025-09-05 07:17:00,3548.4215,3550.0,3548.2349999999997,3549.7100000000005
2025-09-05 07:18:00,3549.6700000000005,3549.6700000000005,3549.1865000000003,3549.4715
2025-09-05 07:19:00,3549.4564999999993,3549.4950000000003,3549.055,3549.22
2025-09-05 07:20:00,3549.2000000000003,3549.305,3548.33,3548.99
2025-09-05 07:21:00,3548.97,3549.0250000000005,3548.585,3548.8
2025-09-05 07:22:00,3548.7750000000005,3549.795,3548.56,3549.7299999999996
2025-09-05 07:23:00,3549.6700000000005,3550.3550000000005,3548.9649999999997,3550.295
2025-09-05 07:24:00,3550.185,3551.09,3550.085,3550.3749999999995
2025-09-05 07:25:00,3550.3549999999996,3550.9150000000004,3549.5914999999995,3549.6915
2025-09-05 07:26:00,3549.7115,3549.9465,3549.1515,3549.88
2025-09-05 07:27:00,3549.9285,3550.67,3549.74,3550.2735000000002
2025-09-05 07:28:00,3550.2399999999993,3550.665,3550.045,3550.4849999999997
2025-09-05 07:29:00,3550.4649999999997,3550.6550000000007,3549.0115000000005,3549.0615000000007
2025-09-05 07:30:00,3549.0515,3549.9449999999997,3548.0265000000004,3548.0465000000004
2025-09-05 07:31:00,3548.0350000000003,3548.1065,3547.475,3547.6365
2025-09-05 07:32:00,3547.585,3548.52,3547.535,3548.52
2025-09-05 07:33:00,3548.54,3548.7849999999994,3548.1049999999996,3548.7250000000004
2025-09-05 07:34:00,3548.7049999999995,3549.3449999999993,3548.505,3549.3449999999993
2025-09-05 07:35:00,3549.3250000000003,3549.3750000000005,3547.9849999999997,3548.0149999999994
2025-09-05 07:36:00,3548.0649999999996,3548.24,3547.3950000000004,3547.6150000000002
2025-09-05 07:37:00,3547.595,3547.8849999999993,3547.3550000000005,3547.795
2025-09-05 07:38:00,3547.77,3548.4049999999997,3547.655,3547.8449999999993
2025-09-05 07:39:00,3547.815,3548.8349999999996,3547.8049999999994,3547.9500000000003
2025-09-05 07:40:00,3547.9300000000003,3548.7200000000003,3547.755,3548.6900000000005
2025-09-05 07:41:00,3548.71,3548.8349999999996,3548.0800000000004,3548.2599999999998
2025-09-05 07:42:00,3548.2799999999997,3548.7899999999995,3547.86,3548.335
2025-09-05 07:43:00,3548.3599999999997,3548.415,3547.8899999999994,3548.33
2025-09-05 07:44:00,3548.365,3550.1850000000004,3548.31,3549.93
2025-09-05 07:45:00,3549.94,3550.3600000000006,3549.5350000000003,3549.7599999999998
2025-09-05 07:46:00,3549.83,3550.4800000000005,3549.5400000000004,3549.955
2025-09-05 07:47:00,3550.005,3550.69,3549.9,3550.4149999999995
2025-09-05 07:48:00,3550.4300000000003,3550.855,3549.0899999999997,3549.2000000000003
2025-09-05 07:49:00,3549.1699999999996,3549.315,3548.8,3549.1749999999997
2025-09-05 07:50:00,3549.205,3549.305,3548.1700000000005,3548.2015000000006
2025-09-05 07:51:00,3548.2065,3548.545,3547.9065,3548.0299999999997
2025-09-05 07:52:00,3548.0850000000005,3548.505,3547.7850000000003,3548.285
2025-09-05 07:53:00,3548.2799999999997,3548.7700000000004,3547.875,3548.7700000000004
2025-09-05 07:54:00,3548.7300000000005,3549.0499999999997,3548.465,3548.49
2025-09-05 07:55:00,3548.525,3548.8599999999997,3548.1615000000006,3548.1899999999996
2025-09-05 07:56:00,3548.1965,3548.1965,3547.2850000000003,3547.685
2025-09-05 07:57:00,3547.64,3547.9,3546.9750000000004,3547.085
2025-09-05 07:58:00,3547.1150000000002,3547.9550000000004,3546.6485,3547.69
2025-09-05 07:59:00,3547.6600000000003,3548.355,3547.5499999999997,3548.2934999999998
2025-09-05 08:00:00,3548.1700000000005,3548.6800000000003,3547.1899999999996,3547.2335000000003
2025-09-05 08:01:00,3547.11,3547.6600000000003,3546.6234999999997,3546.8635000000004
2025-09-05 08:02:00,3547.005,3548.5,3546.6385,3548.455
2025-09-05 08:03:00,3548.495,3548.495,3547.735,3547.92
2025-09-05 08:04:00,3547.9100000000003,3549.1749999999997,3547.77,3548.485
2025-09-05 08:05:00,3548.355,3548.8150000000005,3547.655,3547.655
2025-09-05 08:06:00,3547.625,3547.71,3546.6300000000006,3546.855
2025-09-05 08:07:00,3546.8900000000003,3547.7850000000003,3546.665,3547.725
2025-09-05 08:08:00,3547.7235,3547.885,3547.3799999999997,3547.47
2025-09-05 08:09:00,3547.4500000000007,3547.5499999999997,3546.755,3547.3749999999995
2025-09-05 08:10:00,3547.3550000000005,3548.8900000000003,3547.0550000000003,3547.2650000000003
2025-09-05 08:11:00,3547.2349999999997,3547.6600000000003,3546.5085000000004,3546.725
2025-09-05 08:12:00,3546.755,3547.2735000000002,3546.625,3546.9685
2025-09-05 08:13:00,3546.9835000000003,3547.455,3546.6884999999997,3546.6884999999997
2025-09-05 08:14:00,3546.7235,3547.2234999999996,3546.5535000000004,3547.0785
2025-09-05 08:15:00,3547.13,3547.13,3545.7499999999995,3545.955
2025-09-05 08:16:00,3545.99,3546.3999999999996,3544.95,3546.3999999999996
2025-09-05 08:17:00,3546.4199999999996,3546.755,3545.935,3546.085
2025-09-05 08:18:00,3546.055,3547.3550000000005,3545.53,3547.1600000000003
2025-09-05 08:19:00,3547.2000000000003,3547.345,3546.0049999999997,3546.0049999999997
2025-09-05 08:20:00,3546.105,3548.1700000000005,3545.9249999999997,3546.7985
2025-09-05 08:21:00,3546.8185,3547.3849999999998,3546.2985000000003,3546.4150000000004
2025-09-05 08:22:00,3546.4134999999997,3546.875,3546.183499999999,3546.8450000000003
2025-09-05 08:23:00,3546.825,3547.61,3546.755,3547.2099999999996
2025-09-05 08:24:00,3547.1450000000004,3548.12,3547.1450000000004,3547.9900000000002
2025-09-05 08:25:00,3547.9700000000003,3549.0299999999997,3547.84,3549.0099999999998
2025-09-05 08:26:00,3549.0049999999997,3549.2400000000002,3548.63,3549.1749999999997
2025-09-05 08:27:00,3549.195,3549.275,3548.51,3548.9500000000007
2025-09-05 08:28:00,3548.9900000000007,3549.25,3548.9450000000006,3549.205
2025-09-05 08:29:00,3549.275,3549.4600000000005,3549.0700000000006,3549.2400000000002
2025-09-05 08:30:00,3549.295,3549.9849999999997,3549.195,3549.5400000000004
2025-09-05 08:31:00,3549.4799999999996,3549.4799999999996,3549.02,3549.145
2025-09-05 08:32:00,3549.17,3549.44,3548.8749999999995,3548.9249999999997
2025-09-05 08:33:00,3549.02,3549.305,3548.435,3548.524999999999
2025-09-05 08:34:00,3548.49,3549.2400000000002,3548.3900000000003,3548.7400000000002
2025-09-05 08:35:00,3548.6999999999994,3548.8050000000003,3548.185,3548.325
2025-09-05 08:36:00,3548.365,3549.32,3548.1349999999998,3548.1899999999996
2025-09-05 08:37:00,3548.14,3548.39,3547.73,3548.27
2025-09-05 08:38:00,3548.2799999999997,3548.625,3548.0899999999997,3548.1300000000006
2025-09-05 08:39:00,3548.0800000000004,3548.3785,3547.8300000000004,3548.21
2025-09-05 08:40:00,3548.2150000000006,3548.5635,3547.8335,3548.0535000000004
2025-09-05 08:41:00,3548.0634999999997,3548.2699999999995,3547.6685,3548.0699999999997
2025-09-05 08:42:00,3548.0800000000004,3548.465,3548.0035000000003,3548.22
2025-09-05 08:43:00,3548.2084999999997,3548.37,3548.0049999999997,3548.2934999999998
2025-09-05 08:44:00,3548.2785,3549.0685,3548.2785,3549.0585
2025-09-05 08:45:00,3549.06,3549.8334999999997,3548.9935000000005,3549.6400000000003
2025-09-05 08:46:00,3549.66,3549.985,3549.485,3549.7799999999997
2025-09-05 08:47:00,3549.765,3549.825,3548.7850000000003,3548.95
2025-09-05 08:48:00,3548.8300000000004,3549.035,3548.59,3548.9149999999995
2025-09-05 08:49:00,3548.8900000000003,3548.8900000000003,3547.4900000000007,3547.6150000000002
2025-09-05 08:50:00,3547.565,3547.69,3546.5000000000005,3546.5000000000005
2025-09-05 08:51:00,3546.5249999999996,3546.5249999999996,3545.6800000000003,3545.6800000000003
2025-09-05 08:52:00,3545.7149999999997,3546.725,3545.6949999999997,3546.3300000000004
2025-09-05 08:53:00,3546.29,3546.4835000000003,3545.7985,3546.105
2025-09-05 08:54:00,3546.12,3546.5249999999996,3545.8849999999998,3546.12
2025-09-05 08:55:00,3546.155,3546.5000000000005,3545.8550000000005,3546.3750000000005
2025-09-05 08:56:00,3546.3549999999996,3546.3549999999996,3544.9849999999997,3545.0099999999998
2025-09-05 08:57:00,3545.0015,3546.080000000001,3544.8650000000002,3546.07
2025-09-05 08:58:00,3546.095,3546.5999999999995,3546.095,3546.2149999999992
2025-09-05 08:59:00,3546.095,3546.4399999999996,3545.98,3546.015
2025-09-05 09:00:00,3546.0350000000008,3546.88,3545.9599999999996,3546.6899999999996
2025-09-05 09:01:00,3546.725,3548.5,3546.5049999999997,3548.1449999999995
2025-09-05 09:02:00,3548.1700000000005,3549.4735,3548.1250000000005,3549.4735
2025-09-05 09:03:00,3549.5249999999996,3550.2200000000003,3548.8799999999997,3548.9649999999997
2025-09-05 09:04:00,3549.0250000000005,3549.245,3548.8199999999997,3549.215
2025-09-05 09:05:00,3549.235,3549.9935,3549.1685,3549.32
2025-09-05 09:06:00,3549.3485,3549.985,3549.0834999999997,3549.98
2025-09-05 09:07:00,3549.95,3550.3985000000002,3549.6750000000006,3550.0785
2025-09-05 09:08:00,3550.0685000000003,3550.3900000000003,3549.875,3550.21
2025-09-05 09:09:00,3550.23,3550.385,3548.8700000000003,3548.8950000000004
2025-09-05 09:10:00,3548.9549999999995,3550.3050000000003,3548.6400000000003,3549.6499999999996
2025-09-05 09:11:00,3549.6349999999998,3550.6384999999996,3549.5750000000003,3550.595
2025-09-05 09:12:00,3550.6100000000006,3551.245,3550.2700000000004,3550.4649999999997
2025-09-05 09:13:00,3550.4449999999997,3550.605,3549.87,3550.0150000000003
2025-09-05 09:14:00,3549.9849999999997,3549.9849999999997,3548.995,3549.22
2025-09-05 09:15:00,3549.195,3550.065,3549.14,3550.065
2025-09-05 09:16:00,3550.3535,3550.3749999999995,3549.5899999999997,3549.5935000000004
2025-09-05 09:17:00,3549.615,3550.3050000000003,3549.4749999999995,3550.2035000000005
2025-09-05 09:18:00,3550.2085,3550.5535,3550.0299999999997,3550.3550000000005
2025-09-05 09:19:00,3550.3749999999995,3551.1499999999996,3550.2435,3550.9335
2025-09-05 09:20:00,3550.9935,3551.3835,3550.04,3550.04
2025-09-05 09:21:00,3550.07,3550.6,3549.2850000000003,3549.51
2025-09-05 09:22:00,3549.5400000000004,3549.725,3549.12,3549.5400000000004
2025-09-05 09:23:00,3549.5699999999997,3549.7999999999997,3549.3,3549.795
2025-09-05 09:24:00,3549.8149999999996,3549.88,3549.3700000000003,3549.6250000000005
2025-09-05 09:25:00,3549.5800000000004,3549.6849999999995,3548.8100000000004,3549.34
2025-09-05 09:26:00,3549.36,3549.72,3548.8149999999996,3548.8250000000003
2025-09-05 09:27:00,3548.8235000000004,3549.115,3548.6149999999993,3548.8749999999995
2025-09-05 09:28:00,3548.8500000000004,3549.355,3548.7499999999995,3548.7634999999996
2025-09-05 09:29:00,3548.7584999999995,3549.0499999999997,3548.435,3548.625
2025-09-05 09:30:00,3548.5950000000003,3549.31,3548.0000000000005,3549.0535
2025-09-05 09:31:00,3549.08,3549.3134999999993,3548.8,3549.2599999999998
2025-09-05 09:32:00,3549.19,3549.5435,3548.61,3549.505
2025-09-05 09:33:00,3549.5449999999996,3549.5899999999997,3549.225,3549.225
2025-09-05 09:34:00,3549.218500000001,3549.225,3548.4935,3548.9449999999997
2025-09-05 09:35:00,3548.9150000000004,3549.055,3548.525,3548.6135
2025-09-05 09:36:00,3548.6085000000003,3548.975,3548.34,3548.415
2025-09-05 09:37:00,3548.55,3549.53,3548.2805,3548.9649999999997
2025-09-05 09:38:00,3548.9350000000004,3549.91,3548.9350000000004,3549.7249999999995
2025-09-05 09:39:00,3549.6949999999997,3550.7149999999997,3549.6200000000003,3550.6600000000008
2025-09-05 09:40:00,3550.6699999999996,3551.2550000000006,3550.6699999999996,3551.1650000000004
2025-09-05 09:41:00,3551.1049999999996,3551.2799999999997,3550.88,3551.0549999999994
2025-09-05 09:42:00,3551.0599999999995,3551.305,3550.765,3551.0999999999995
2025-09-05 09:43:00,3551.0649999999996,3551.465,3551.0400000000004,3551.4399999999996
2025-09-05 09:44:00,3551.46,3551.7,3551.1549999999997,3551.5299999999997
2025-09-05 09:45:00,3551.57,3551.7300000000005,3551.3850000000007,3551.3850000000007
2025-09-05 09:46:00,3551.395,3551.9400000000005,3551.2950000000005,3551.465
2025-09-05 09:47:00,3551.425,3551.7585,3550.96,3551.695
2025-09-05 09:48:00,3551.6800000000003,3553.3384999999994,3551.6800000000003,3553.2084999999997
2025-09-05 09:49:00,3553.18,3553.4885000000004,3551.37,3551.6099999999997
2025-09-05 09:50:00,3551.58,3552.4600000000005,3551.45,3552.2850000000008
2025-09-05 09:51:00,3552.2149999999997,3553.015,3552.1749999999997,3552.8399999999997
2025-09-05 09:52:00,3552.8599999999997,3553.425,3552.7000000000003,3553.225
2025-09-05 09:53:00,3553.2,3553.82,3553.2,3553.77
2025-09-05 09:54:00,3553.74,3553.74,3552.5400000000004,3552.9300000000007
2025-09-05 09:55:00,3552.8850000000007,3553.2300000000005,3552.5750000000003,3552.6849999999995
2025-09-05 09:56:00,3552.7249999999995,3553.0,3552.505,3552.545
2025-09-05 09:57:00,3552.505,3552.7599999999998,3552.205,3552.7349999999997
2025-09-05 09:58:00,3552.7450000000003,3552.92,3552.6699999999996,3552.7799999999997
2025-09-05 09:59:00,3552.7999999999997,3552.87,3552.25,3552.4500000000003
2025-09-05 10:00:00,3552.4699999999993,3552.89,3552.419999999999,3552.6899999999996
2025-09-05 10:01:00,3552.7100000000005,3552.7100000000005,3551.79,3552.095
2025-09-05 10:02:00,3552.0650000000005,3552.375000000001,3551.735,3552.36
2025-09-05 10:03:00,3552.36,3552.6949999999997,3552.0235,3552.0235
2025-09-05 10:04:00,3552.0035,3552.4550000000004,3551.1700000000005,3551.1700000000005
2025-09-05 10:05:00,3551.135,3551.3149999999996,3550.9249999999993,3551.1749999999997
2025-09-05 10:06:00,3551.1399999999994,3551.5150000000003,3551.045,3551.5150000000003
2025-09-05 10:07:00,3551.545,3551.5699999999997,3551.1250000000005,3551.29
2025-09-05 10:08:00,3551.265,3551.735,3551.265,3551.615
2025-09-05 10:09:00,3551.59,3551.9149999999995,3550.845,3551.33
2025-09-05 10:10:00,3551.2999999999997,3551.5950000000003,3551.1499999999996,3551.2749999999996
2025-09-05 10:11:00,3551.3149999999996,3551.6549999999997,3551.1449999999995,3551.6549999999997
2025-09-05 10:12:00,3551.695,3551.715,3551.325,3551.51
2025-09-05 10:13:00,3551.495,3551.705,3551.3850000000007,3551.4849999999997
2025-09-05 10:14:00,3551.455,3551.5249999999996,3550.6315,3550.6315
2025-09-05 10:15:00,3550.6365,3551.3000000000006,3550.2650000000003,3551.0750000000003
2025-09-05 10:16:00,3551.0549999999994,3551.6549999999997,3550.7999999999997,3551.58
2025-09-05 10:17:00,3551.615,3551.635,3551.33,3551.33
2025-09-05 10:18:00,3551.31,3551.355,3551.0649999999996,3551.0950000000003
2025-09-05 10:19:00,3551.0850000000005,3551.1849999999995,3550.72,3551.1099999999997
2025-09-05 10:20:00,3551.1299999999997,3551.48,3551.07,3551.2
2025-09-05 10:21:00,3551.1699999999996,3551.31,3551.0649999999996,3551.31
2025-09-05 10:22:00,3551.2700000000004,3551.43,3551.0149999999994,3551.2349999999997
2025-09-05 10:23:00,3551.1250000000005,3551.6000000000004,3551.03,3551.305
2025-09-05 10:24:00,3551.33,3551.545,3551.2550000000006,3551.395
2025-09-05 10:25:00,3551.365,3551.4049999999997,3550.94,3551.2050000000004
2025-09-05 10:26:00,3551.1849999999995,3551.3149999999996,3551.01,3551.1899999999996
2025-09-05 10:27:00,3551.1499999999996,3551.33,3550.9,3550.9500000000003
2025-09-05 10:28:00,3550.92,3552.4950000000003,3550.6550000000007,3552.3134999999997
2025-09-05 10:29:00,3552.2535000000007,3552.5800000000004,3551.8450000000003,3552.4385
2025-09-05 10:30:00,3552.4385,3552.52,3550.9100000000003,3551.2749999999996
2025-09-05 10:31:00,3551.2950000000005,3551.325,3550.3349999999996,3550.3599999999997
2025-09-05 10:32:00,3550.3249999999994,3551.605,3550.145,3551.59
2025-09-05 10:33:00,3551.56,3551.56,3551.0149999999994,3551.2599999999998
2025-09-05 10:34:00,3551.31,3551.33,3551.0199999999995,3551.09
2025-09-05 10:35:00,3551.0550000000003,3551.5,3550.92,3551.415
2025-09-05 10:36:00,3551.4449999999997,3551.8100000000004,3551.41,3551.4700000000003
2025-09-05 10:37:00,3551.5299999999997,3551.6565,3551.345,3551.38
2025-09-05 10:38:00,3551.345,3551.37,3550.75,3550.77
2025-09-05 10:39:00,3550.7315,3550.7315,3549.8599999999997,3550.5499999999997
2025-09-05 10:40:00,3550.4800000000005,3550.64,3549.505,3550.4100000000003
2025-09-05 10:41:00,3550.4400000000005,3550.915,3550.4000000000005,3550.67
2025-09-05 10:42:00,3550.5250000000005,3550.745,3550.32,3550.3950000000004
2025-09-05 10:43:00,3550.3749999999995,3550.535,3549.965,3550.495
2025-09-05 10:44:00,3550.4550000000004,3550.535,3549.955,3550.535
2025-09-05 10:45:00,3550.665,3551.5434999999998,3550.4300000000003,3551.2299999999996
2025-09-05 10:46:00,3551.2950000000005,3552.1299999999997,3551.0350000000003,3551.795
2025-09-05 10:47:00,3551.815,3552.08,3551.62,3552.0499999999997
2025-09-05 10:48:00,3552.0300000000007,3552.32,3551.8,3551.8549999999996
2025-09-05 10:49:00,3551.835,3552.35,3551.4300000000007,3551.9350000000004
2025-09-05 10:50:00,3551.9485000000004,3552.265,3551.5,3551.5950000000003
2025-09-05 10:51:00,3551.62,3551.84,3551.54,3551.7200000000003
2025-09-05 10:52:00,3551.7,3551.8999999999996,3551.0649999999996,3551.71
2025-09-05 10:53:00,3551.745,3552.525,3551.745,3552.035
2025-09-05 10:54:00,3551.99,3552.7999999999997,3551.99,3552.5934999999995
2025-09-05 10:55:00,3552.5599999999995,3553.02,3552.23,3552.2599999999998
2025-09-05 10:56:00,3552.1500000000005,3552.2999999999997,3551.84,3551.84
2025-09-05 10:57:00,3551.8150000000005,3552.6250000000005,3551.585,3551.8299999999995
2025-09-05 10:58:00,3551.8100000000004,3552.565,3551.6400000000003,3552.485
2025-09-05 10:59:00,3552.4550000000004,3552.4550000000004,3551.9149999999995,3551.9149999999995
2025-09-05 11:00:00,3551.9449999999997,3553.315,3551.6549999999997,3553.315
2025-09-05 11:01:00,3553.285,3553.8084999999996,3553.27,3553.805
2025-09-05 11:02:00,3553.7799999999997,3553.84,3553.165,3553.195
2025-09-05 11:03:00,3553.165,3553.5150000000003,3553.09,3553.3485
2025-09-05 11:04:00,3553.3384999999994,3553.4599999999996,3553.1485000000002,3553.3285
2025-09-05 11:05:00,3553.3085,3553.685,3552.8450000000007,3552.93
2025-09-05 11:06:00,3552.9449999999997,3553.295,3552.5949999999993,3552.6634999999997
2025-09-05 11:07:00,3552.6699999999996,3552.7999999999997,3552.1884999999997,3552.305
2025-09-05 11:08:00,3552.29,3552.9435,3552.2850000000008,3552.8949999999995
2025-09-05 11:09:00,3553.19,3553.51,3553.0299999999997,3553.4300000000003
2025-09-05 11:10:00,3553.4450000000006,3553.595,3553.3500000000004,3553.51
2025-09-05 11:11:00,3553.5049999999997,3554.885,3553.4385,3554.875
2025-09-05 11:12:00,3554.87,3555.2999999999997,3554.3400000000006,3555.1450000000004
2025-09-05 11:13:00,3555.1749999999997,3555.2499999999995,3552.8514999999998,3553.42
2025-09-05 11:14:00,3553.4849999999997,3554.1200000000003,3552.2549999999997,3552.35
2025-09-05 11:15:00,3552.3465,3553.295,3551.525,3551.595
2025-09-05 11:16:00,3551.575,3552.91,3550.6,3552.7950000000005
2025-09-05 11:17:00,3552.7915,3552.7915,3551.8699999999994,3552.29
2025-09-05 11:18:00,3552.2000000000007,3552.25,3551.59,3551.59
2025-09-05 11:19:00,3551.5964999999997,3551.755,3550.915,3551.2349999999997
2025-09-05 11:20:00,3551.2149999999997,3551.22,3549.7299999999996,3549.8149999999996
2025-09-05 11:21:00,3549.785,3550.6065,3549.5549999999994,3550.2750000000005
2025-09-05 11:22:00,3550.2449999999994,3550.2899999999995,3549.615,3550.0699999999997
2025-09-05 11:23:00,3550.015,3550.605,3549.4999999999995,3549.6300000000006
2025-09-05 11:24:00,3549.5950000000003,3550.3749999999995,3549.5950000000003,3550.26
2025-09-05 11:25:00,3550.255,3550.385,3549.66,3549.91
2025-09-05 11:26:00,3549.87,3549.95,3549.6099999999997,3549.7799999999997
2025-09-05 11:27:00,3549.875,3550.02,3549.4500000000003,3549.77
2025-09-05 11:28:00,3549.7600000000007,3549.7749999999996,3549.055,3549.335
2025-09-05 11:29:00,3549.3,3549.405,3548.8399999999997,3548.975
2025-09-05 11:30:00,3549.0735,3549.4934999999996,3548.8334999999997,3549.1535
2025-09-05 11:31:00,3549.1635,3549.5535000000004,3548.7049999999995,3548.8235000000004
2025-09-05 11:32:00,3548.9350000000004,3549.14,3548.7235,3548.9284999999995
2025-09-05 11:33:00,3548.95,3549.4535,3548.7000000000003,3548.8250000000003
2025-09-05 11:34:00,3548.8149999999996,3549.0750000000007,3548.7849999999994,3549.0700000000006
2025-09-05 11:35:00,3549.0899999999997,3550.4750000000004,3549.0700000000006,3550.3450000000003
2025-09-05 11:36:00,3550.3650000000002,3551.4300000000007,3550.3650000000002,3551.395
2025-09-05 11:37:00,3551.425,3551.5,3550.72,3551.03
2025-09-05 11:38:00,3551.0499999999993,3551.49,3550.8650000000002,3551.0550000000003
2025-09-05 11:39:00,3551.07,3551.535,3551.0550000000003,3551.285
2025-09-05 11:40:00,3551.3265000000006,3551.665,3550.94,3550.985
2025-09-05 11:41:00,3550.9749999999995,3551.31,3550.6564999999996,3551.2550000000006
2025-09-05 11:42:00,3551.2699999999995,3551.685,3551.1949999999997,3551.585
2025-09-05 11:43:00,3551.6099999999997,3552.25,3551.6099999999997,3552.0600000000004
2025-09-05 11:44:00,3552.145,3552.18,3551.025,3551.495
2025-09-05 11:45:00,3551.5150000000003,3551.5150000000003,3550.7915,3550.8650000000002
2025-09-05 11:46:00,3550.885,3551.2815000000005,3550.8650000000002,3551.2264999999998
2025-09-05 11:47:00,3551.2114999999994,3551.59,3550.96,3551.495
2025-09-05 11:48:00,3551.4700000000003,3551.585,3550.6550000000007,3550.72
2025-09-05 11:49:00,3550.7549999999997,3551.1449999999995,3550.3164999999995,3550.3349999999996
2025-09-05 11:50:00,3550.4000000000005,3550.555,3549.4100000000003,3549.4500000000003
2025-09-05 11:51:00,3549.4664999999995,3549.485,3548.69,3549.0300000000007
2025-09-05 11:52:00,3549.055,3549.055,3548.0199999999995,3548.4285
2025-09-05 11:53:00,3548.4035000000003,3549.5334999999995,3548.2084999999997,3549.1135
2025-09-05 11:54:00,3549.165,3549.9435,3549.1135,3549.8734999999997
2025-09-05 11:55:00,3549.8785,3550.3834999999995,3549.7434999999996,3550.0285000000003
2025-09-05 11:56:00,3550.0950000000003,3550.5000000000005,3549.7735,3550.0535
2025-09-05 11:57:00,3550.0935,3551.0734999999995,3550.0935,3550.8700000000003
2025-09-05 11:58:00,3550.82,3551.6585,3550.6535,3551.345
2025-09-05 11:59:00,3551.325,3553.4684999999995,3551.1134999999995,3553.3135
2025-09-05 12:00:00,3553.3635000000004,3554.37,3551.5285,3552.265
2025-09-05 12:01:00,3552.29,3552.29,3550.1414999999993,3550.3550000000005
2025-09-05 12:02:00,3550.3500000000004,3550.8700000000003,3548.9000000000005,3549.615
2025-09-05 12:03:00,3549.6549999999997,3550.135,3548.95,3550.06
2025-09-05 12:04:00,3550.075,3551.515,3549.7749999999996,3551.41
2025-09-05 12:05:00,3551.345,3551.8450000000003,3551.2100000000005,3551.435
2025-09-05 12:06:00,3551.4300000000007,3552.445,3551.4300000000007,3552.1299999999997
2025-09-05 12:07:00,3552.1150000000007,3552.91,3551.3399999999997,3552.8499999999995
2025-09-05 12:08:00,3552.845,3554.7785,3552.7549999999997,3552.99
2025-09-05 12:09:00,3552.97,3553.83,3552.22,3553.0699999999997
2025-09-05 12:10:00,3553.085,3553.375,3552.485,3553.0535
2025-09-05 12:11:00,3553.1285,3553.9700000000003,3551.9635000000003,3551.9635000000003
2025-09-05 12:12:00,3551.9784999999997,3552.1500000000005,3550.3650000000002,3550.495
2025-09-05 12:13:00,3550.4450000000006,3551.555,3550.3500000000004,3551.285
2025-09-05 12:14:00,3551.2649999999994,3552.0700000000006,3550.82,3551.67
2025-09-05 12:15:00,3551.6549999999997,3552.35,3550.935,3551.2050000000004
2025-09-05 12:16:00,3551.1749999999997,3552.7050000000004,3550.855,3552.185
2025-09-05 12:17:00,3552.1950000000006,3552.28,3551.51,3551.9700000000003
2025-09-05 12:18:00,3551.9550000000004,3552.675,3551.46,3551.745
2025-09-05 12:19:00,3551.7399999999993,3552.0849999999996,3551.0649999999996,3551.9849999999997
2025-09-05 12:20:00,3552.0200000000004,3552.83,3549.8135000000007,3551.1699999999996
2025-09-05 12:21:00,3551.1849999999995,3551.5299999999997,3550.4300000000003,3551.3885
2025-09-05 12:22:00,3551.3785,3551.6735,3550.4784999999997,3551.4885
2025-09-05 12:23:00,3551.4735,3552.2885,3550.9500000000003,3552.2035
2025-09-05 12:24:00,3552.25,3552.935,3551.5585,3552.845
2025-09-05 12:25:00,3552.9250000000006,3553.0950000000003,3551.2550000000006,3551.59
2025-09-05 12:26:00,3551.62,3552.0485,3550.4300000000003,3550.7
2025-09-05 12:27:00,3550.705,3552.265,3550.0200000000004,3552.265
2025-09-05 12:28:00,3552.2885,3554.3399999999997,3552.0850000000005,3554.3399999999997
2025-09-05 12:29:00,3554.3199999999997,3555.1000000000004,3553.4850000000006,3554.8865000000005
2025-09-05 12:30:00,3554.8715,3574.2000000000003,3554.4650000000006,3574.2000000000003
2025-09-05 12:31:00,3574.145,3577.315,3571.3049999999994,3576.8999999999996
2025-09-05 12:32:00,3577.14,3579.2715000000003,3575.8735,3578.6370000000006
2025-09-05 12:33:00,3578.75,3583.1150000000002,3577.235,3578.9635000000003
2025-09-05 12:34:00,3578.9500000000003,3579.59,3575.5899999999997,3577.1950000000006
2025-09-05 12:35:00,3577.1349999999998,3578.3015,3574.285,3575.1999999999994
2025-09-05 12:36:00,3575.4949999999994,3576.5935,3574.225,3576.38
2025-09-05 12:37:00,3576.4399999999996,3580.1114999999995,3575.0950000000003,3579.8050000000003
2025-09-05 12:38:00,3579.835,3583.48,3579.4849999999997,3582.13
2025-09-05 12:39:00,3582.15,3586.09,3582.15,3584.7499999999995
2025-09-05 12:40:00,3584.6935000000003,3586.8449999999993,3583.475,3586.565
2025-09-05 12:41:00,3586.5634999999997,3587.0035000000003,3580.415,3580.485
2025-09-05 12:42:00,3580.58,3583.8814999999995,3577.8685000000005,3583.5965
2025-09-05 12:43:00,3583.6465000000003,3584.0914999999995,3581.0735,3582.5784999999996
2025-09-05 12:44:00,3582.5585000000005,3584.29,3581.9050000000007,3583.695
2025-09-05 12:45:00,3583.8385000000003,3583.885,3579.7335000000003,3580.1000000000004
2025-09-05 12:46:00,3580.03,3580.2149999999997,3576.5,3577.1100000000006
2025-09-05 12:47:00,3577.1784999999995,3577.6049999999996,3572.1835,3572.3199999999997
2025-09-05 12:48:00,3572.3199999999997,3576.9849999999997,3572.1450000000004,3576.9649999999997
2025-09-05 12:49:00,3576.9565000000002,3581.6650000000004,3576.7635,3579.9085
2025-09-05 12:50:00,3579.9535,3581.1,3576.1684999999998,3576.2500000000005
2025-09-05 12:51:00,3576.3149999999996,3580.8864999999996,3575.065,3580.1814999999997
2025-09-05 12:52:00,3580.1865,3580.7500000000005,3577.9250000000006,3579.49
2025-09-05 12:53:00,3579.545,3579.745,3577.57,3578.6500000000005
2025-09-05 12:54:00,3578.595,3581.2200000000003,3578.2,3580.3565
2025-09-05 12:55:00,3580.3515000000007,3580.9015000000004,3578.4800000000005,3579.2715000000003
2025-09-05 12:56:00,3579.2664999999997,3581.13,3578.86,3580.8084999999996
2025-09-05 12:57:00,3580.7749999999996,3581.3485,3579.0,3579.06
2025-09-05 12:58:00,3579.0800000000004,3580.435,3577.6700000000005,3578.4585
2025-09-05 12:59:00,3578.4385,3581.7099999999996,3578.4184999999993,3580.475
2025-09-05 13:00:00,3580.504999999999,3583.2900000000004,3579.9735,3581.935
2025-09-05 13:01:00,3582.0049999999997,3583.6335,3579.2735000000002,3579.2735000000002
2025-09-05 13:02:00,3579.2200000000003,3580.7699999999995,3577.4815,3580.36
2025-09-05 13:03:00,3580.375,3580.585,3576.9334999999996,3577.5435
2025-09-05 13:04:00,3577.6285000000003,3577.8985,3575.4134999999997,3577.5835
2025-09-05 13:05:00,3577.5684999999994,3577.97,3575.0550000000003,3575.4734999999996
2025-09-05 13:06:00,3575.4784999999997,3576.0750000000003,3574.04,3574.925
2025-09-05 13:07:00,3574.9049999999997,3577.0700000000006,3573.335,3577.0700000000006
2025-09-05 13:08:00,3577.035,3577.4685000000004,3574.1,3574.8535
2025-09-05 13:09:00,3574.7335,3576.8299999999995,3574.4335,3575.62
2025-09-05 13:10:00,3575.645,3576.675,3574.53,3576.525
2025-09-05 13:11:00,3576.565,3578.4750000000004,3576.4049999999997,3578.17
2025-09-05 13:12:00,3578.23,3581.0434999999998,3577.9449999999997,3580.585
2025-09-05 13:13:00,3580.54,3581.6749999999997,3580.265,3580.485
2025-09-05 13:14:00,3580.4900000000002,3582.4600000000005,3580.2800000000007,3581.6850000000004
2025-09-05 13:15:00,3581.6000000000004,3581.7735,3579.2550000000006,3581.6150000000002
2025-09-05 13:16:00,3581.6299999999997,3581.855,3580.205,3581.4185
2025-09-05 13:17:00,3581.3985000000002,3583.76,3581.1035,3583.5835
2025-09-05 13:18:00,3583.7649999999994,3584.8149999999996,3582.1865000000003,3584.505
2025-09-05 13:19:00,3584.505,3585.105,3583.77,3584.415
2025-09-05 13:20:00,3584.445,3584.675,3575.155,3579.525
2025-09-05 13:21:00,3579.4349999999995,3580.44,3575.3349999999996,3580.205
2025-09-05 13:22:00,3580.2300000000005,3581.385,3579.0635,3581.2885
2025-09-05 13:23:00,3581.315,3582.5099999999998,3580.3785000000007,3582.3700000000003
2025-09-05 13:24:00,3582.385,3583.1249999999995,3581.4500000000003,3581.895
2025-09-05 13:25:00,3581.87,3582.19,3579.8500000000004,3580.315
2025-09-05 13:26:00,3580.355,3582.2165,3580.2,3581.5349999999994
2025-09-05 13:27:00,3581.55,3582.1749999999993,3580.4950000000003,3581.53
2025-09-05 13:28:00,3581.7149999999997,3582.06,3579.58,3580.2750000000005
2025-09-05 13:29:00,3580.2949999999996,3580.97,3578.855,3579.13
2025-09-05 13:30:00,3579.3085000000005,3580.8149999999996,3576.8,3576.8
2025-09-05 13:31:00,3576.79,3579.5,3575.605,3578.7035000000005
2025-09-05 13:32:00,3578.7485000000006,3580.6485000000002,3577.6400000000003,3578.5584999999996
2025-09-05 13:33:00,3578.6034999999997,3580.3215,3576.8635000000004,3580.0849999999996
2025-09-05 13:34:00,3580.0449999999996,3581.0649999999996,3579.1899999999996,3580.585
2025-09-05 13:35:00,3580.54,3583.2450000000003,3579.3549999999996,3579.4165
2025-09-05 13:36:00,3579.3334999999997,3581.2,3577.8400000000006,3581.055
2025-09-05 13:37:00,3581.25,3581.855,3579.5599999999995,3581.36
2025-09-05 13:38:00,3581.3100000000004,3581.8200000000006,3579.83,3581.26
2025-09-05 13:39:00,3581.2415,3581.265,3578.05,3579.2999999999997
2025-09-05 13:40:00,3579.2850000000003,3580.39,3578.5700000000006,3580.335
2025-09-05 13:41:00,3580.345,3581.6635000000006,3580.1499999999996,3581.1549999999997
2025-09-05 13:42:00,3581.1549999999997,3584.5299999999993,3580.8300000000004,3584.1949999999997
2025-09-05 13:43:00,3584.125,3585.3899999999994,3583.8450000000003,3584.2715
2025-09-05 13:44:00,3584.2614999999996,3585.115,3584.0000000000005,3584.54
2025-09-05 13:45:00,3584.535,3585.915,3584.375,3584.9900000000007
2025-09-05 13:46:00,3585.02,3589.3450000000003,3584.8865000000005,3588.965
2025-09-05 13:47:00,3589.005,3590.9350000000004,3588.5949999999993,3590.685
2025-09-05 13:48:00,3590.7015,3592.6865000000007,3590.65,3591.99
2025-09-05 13:49:00,3591.8999999999996,3592.8650000000007,3590.2414999999996,3590.8915
2025-09-05 13:50:00,3590.81,3592.3964999999994,3590.4215,3591.2999999999997
2025-09-05 13:51:00,3591.2665000000006,3593.2265,3590.7799999999993,3593.1399999999994
2025-09-05 13:52:00,3593.2200000000003,3594.605,3592.6250000000005,3592.6850000000004
2025-09-05 13:53:00,3592.7800000000007,3592.7800000000007,3590.155,3590.905
2025-09-05 13:54:00,3590.9599999999996,3592.9735,3590.365,3591.4035
2025-09-05 13:55:00,3591.5435,3592.315,3590.1035,3590.3585
2025-09-05 13:56:00,3590.2685000000006,3591.8634999999995,3590.0185,3591.1834999999996
2025-09-05 13:57:00,3591.1684999999998,3593.7635,3590.7385000000004,3593.2135000000003
2025-09-05 13:58:00,3593.2035,3594.9335000000005,3592.9585,3593.7635
2025-09-05 13:59:00,3593.3184999999994,3595.37,3592.7584999999995,3594.695
2025-09-05 14:00:00,3594.5535,3595.6600000000003,3592.7035000000005,3593.2834999999995
2025-09-05 14:01:00,3593.2735000000002,3596.745,3592.445,3596.4084999999995
2025-09-05 14:02:00,3596.4335000000005,3597.1999999999994,3595.185,3596.5099999999998
2025-09-05 14:03:00,3596.5649999999996,3596.8464999999997,3595.3885,3595.9865
2025-09-05 14:04:00,3596.066500000001,3597.4249999999997,3595.9100000000008,3597.09
2025-09-05 14:05:00,3597.1150000000002,3597.43,3595.8885,3596.175
2025-09-05 14:06:00,3596.23,3597.9415000000004,3595.7200000000003,3596.34
2025-09-05 14:07:00,3596.3549999999996,3597.4400000000005,3595.2685,3595.525
2025-09-05 14:08:00,3595.51,3596.5815,3593.6485000000002,3594.8900000000003
2025-09-05 14:09:00,3594.8949999999995,3595.4500000000003,3593.1885,3593.2585000000004
2025-09-05 14:10:00,3593.2434999999996,3594.9550000000004,3592.5434999999993,3593.5950000000007
2025-09-05 14:11:00,3593.6049999999996,3594.43,3593.0750000000003,3593.15
2025-09-05 14:12:00,3593.1200000000003,3593.605,3592.6635000000006,3592.7049999999995
2025-09-05 14:13:00,3592.6749999999997,3594.2349999999997,3592.125,3593.665
2025-09-05 14:14:00,3593.6099999999997,3593.855,3593.005,3593.2699999999995
2025-09-05 14:15:00,3593.2400000000002,3595.7749999999996,3593.1799999999994,3594.9184999999998
2025-09-05 14:16:00,3594.8385000000003,3595.955,3594.4050000000007,3594.9150000000004
2025-09-05 14:17:00,3594.9150000000004,3595.9000000000005,3594.4265,3595.2535
2025-09-05 14:18:00,3595.21,3595.4135,3590.0149999999994,3590.285
2025-09-05 14:19:00,3590.24,3591.16,3588.57,3589.879999999999
2025-09-05 14:20:00,3589.815,3592.185,3588.835,3592.185
2025-09-05 14:21:00,3592.1499999999996,3592.95,3590.1214999999993,3590.74
2025-09-05 14:22:00,3590.734999999999,3592.38,3589.175,3589.175
2025-09-05 14:23:00,3589.165,3589.315,3585.725,3587.465
2025-09-05 14:24:00,3587.4700000000003,3588.2565,3585.3499999999995,3585.4550000000004
2025-09-05 14:25:00,3585.4799999999996,3587.2600000000007,3585.225,3586.6985
2025-09-05 14:26:00,3586.8015,3586.8015,3583.6085,3585.2050000000004
2025-09-05 14:27:00,3585.0785,3585.465,3583.44,3583.5499999999997
2025-09-05 14:28:00,3583.485,3584.21,3580.9049999999997,3581.8399999999997
2025-09-05 14:29:00,3581.915,3582.3599999999997,3577.9885,3579.2850000000003
2025-09-05 14:30:00,3579.325,3583.9799999999996,3579.325,3583.565
2025-09-05 14:31:00,3583.605,3583.7950000000005,3581.6549999999997,3582.96
2025-09-05 14:32:00,3582.9449999999993,3583.7385,3581.2165,3582.805
2025-09-05 14:33:00,3582.6965,3583.64,3580.645,3580.8250000000003
2025-09-05 14:34:00,3580.8050000000003,3583.6365,3580.7749999999996,3582.72
2025-09-05 14:35:00,3582.76,3586.2700000000004,3582.675,3586.17
2025-09-05 14:36:00,3586.28,3586.8335,3584.4049999999997,3585.4849999999997
2025-09-05 14:37:00,3585.425,3585.4849999999997,3581.375,3582.2964999999995
2025-09-05 14:38:00,3582.2765000000004,3583.6150000000002,3579.6165,3580.1599999999994
2025-09-05 14:39:00,3580.1549999999997,3581.095,3573.225,3576.4515
2025-09-05 14:40:00,3576.2699999999995,3579.39,3576.0000000000005,3579.0785
2025-09-05 14:41:00,3579.0335,3579.3849999999998,3575.9299999999994,3577.14
2025-09-05 14:42:00,3577.1500000000005,3577.6049999999996,3574.445,3576.695
2025-09-05 14:43:00,3576.665,3578.3249999999994,3576.2699999999995,3577.1549999999997
2025-09-05 14:44:00,3577.1950000000006,3580.65,3577.1050000000005,3580.3650000000007
2025-09-05 14:45:00,3580.405,3582.77,3579.8100000000004,3582.7
2025-09-05 14:46:00,3582.71,3584.7300000000005,3582.65,3584.7300000000005
2025-09-05 14:47:00,3584.7085,3584.7184999999995,3582.7799999999997,3583.629999999999
2025-09-05 14:48:00,3583.5899999999997,3583.755,3581.13,3582.7799999999997
2025-09-05 14:49:00,3582.685,3583.8949999999995,3582.2200000000003,3583.7900000000004
2025-09-05 14:50:00,3583.8,3585.815,3583.545,3584.8500000000004
2025-09-05 14:51:00,3584.8599999999997,3585.4399999999996,3583.2450000000003,3585.405
2025-09-05 14:52:00,3585.3750000000005,3585.4349999999995,3583.84,3584.585
2025-09-05 14:53:00,3584.5950000000003,3584.97,3582.8655,3583.515
2025-09-05 14:54:00,3583.54,3585.165,3583.2599999999998,3583.6
2025-09-05 14:55:00,3583.495,3586.47,3583.0085,3586.2750000000005
2025-09-05 14:56:00,3586.2899999999995,3587.99,3585.0015,3587.9599999999996
2025-09-05 14:57:00,3587.9800000000005,3588.83,3586.6065,3587.7650000000003
2025-09-05 14:58:00,3587.73,3589.3999999999996,3587.73,3589.14
2025-09-05 14:59:00,3589.145,3590.43,3588.935,3590.325
2025-09-05 15:00:00,3590.3100000000004,3590.9900000000002,3589.2915000000003,3589.4014999999995
2025-09-05 15:01:00,3589.4199999999996,3590.7415,3588.9849999999997,3589.7365
2025-09-05 15:02:00,3589.7599999999998,3589.9249999999993,3588.1299999999997,3588.6749999999997
2025-09-05 15:03:00,3588.7100000000005,3591.825,3588.1164999999996,3591.6065000000003
2025-09-05 15:04:00,3591.515,3592.3900000000003,3591.3650000000002,3591.7114999999994
2025-09-05 15:05:00,3591.6615,3591.8215000000005,3590.3549999999996,3590.3965
2025-09-05 15:06:00,3590.3765,3590.7,3588.9915,3589.0164999999997
2025-09-05 15:07:00,3589.0265,3590.1184999999996,3588.55,3588.9365
2025-09-05 15:08:00,3588.9465,3589.255,3587.265,3587.5950000000003
2025-09-05 15:09:00,3587.6000000000004,3587.9249999999997,3585.2500000000005,3586.835
2025-09-05 15:10:00,3586.8899999999994,3587.885,3586.0,3587.1700000000005
2025-09-05 15:11:00,3587.2,3588.1349999999998,3585.36,3585.755
2025-09-05 15:12:00,3585.75,3586.05,3584.4885000000004,3585.2900000000004
2025-09-05 15:13:00,3585.445,3585.785,3583.9399999999996,3584.6850000000004
2025-09-05 15:14:00,3584.7200000000003,3585.175,3583.8835000000004,3584.355
2025-09-05 15:15:00,3584.495,3586.965,3584.08,3584.9000000000005
2025-09-05 15:16:00,3584.8750000000005,3586.1800000000003,3583.71,3583.7599999999993
2025-09-05 15:17:00,3583.735,3584.0450000000005,3581.7814999999996,3583.56
2025-09-05 15:18:00,3583.58,3585.4,3583.025,3583.8050000000003
2025-09-05 15:19:00,3583.7450000000003,3585.5049999999997,3583.7450000000003,3585.4550000000004
2025-09-05 15:20:00,3585.265,3587.5565,3585.0300000000007,3586.8250000000003
2025-09-05 15:21:00,3586.7850000000003,3588.4299999999994,3586.6299999999997,3588.37
2025-09-05 15:22:00,3588.36,3590.135,3588.16,3590.0350000000003
2025-09-05 15:23:00,3590.0365,3590.1665000000003,3589.385,3589.9114999999993
2025-09-05 15:24:00,3589.9315,3590.455,3589.3050000000003,3589.4149999999995
2025-09-05 15:25:00,3589.4499999999994,3589.735,3588.5849999999996,3589.34
2025-09-05 15:26:00,3589.3,3589.4949999999994,3588.375,3588.7999999999997
2025-09-05 15:27:00,3588.7950000000005,3590.0750000000003,3587.9764999999998,3588.305
2025-09-05 15:28:00,3588.2149999999997,3590.1849999999995,3587.8749999999995,3589.965
2025-09-05 15:29:00,3589.9500000000003,3590.0599999999995,3589.1800000000003,3589.295
2025-09-05 15:30:00,3589.3,3590.42,3589.3,3589.6749999999997
2025-09-05 15:31:00,3589.67,3590.7035,3589.4935000000005,3590.025
2025-09-05 15:32:00,3590.02,3590.155,3589.2400000000002,3589.5399999999995
2025-09-05 15:33:00,3589.405,3590.5699999999997,3589.23,3589.6299999999997
2025-09-05 15:34:00,3589.615,3590.8535,3589.5700000000006,3590.2349999999997
2025-09-05 15:35:00,3590.2700000000004,3590.7250000000004,3589.8650000000002,3590.7
2025-09-05 15:36:00,3590.715,3590.8250000000003,3590.0000000000005,3590.2950000000005
2025-09-05 15:37:00,3590.3599999999997,3591.975,3589.5700000000006,3591.8800000000006
2025-09-05 15:38:00,3591.8750000000005,3592.7575000000006,3591.7799999999997,3592.1400000000003
2025-09-05 15:39:00,3592.1549999999997,3592.1549999999997,3590.9715000000006,3591.23
2025-09-05 15:40:00,3591.2165,3591.8265000000006,3590.6715,3590.9065
2025-09-05 15:41:00,3590.9365000000003,3592.3015,3590.7315,3591.9815
2025-09-05 15:42:00,3591.9764999999998,3592.8624999999997,3591.8814999999995,3592.17
2025-09-05 15:43:00,3592.1549999999997,3593.83,3592.1549999999997,3593.4449999999997
2025-09-05 15:44:00,3593.585,3594.2499999999995,3593.49,3593.7665
2025-09-05 15:45:00,3593.795,3593.825,3592.6614999999997,3593.4714999999997
2025-09-05 15:46:00,3593.4915000000005,3594.57,3593.0099999999998,3593.0099999999998
2025-09-05 15:47:00,3592.96,3595.0465,3592.96,3594.1500000000005
2025-09-05 15:48:00,3594.2749999999996,3594.655,3593.66,3593.725
2025-09-05 15:49:00,3593.69,3595.455,3593.69,3594.64
2025-09-05 15:50:00,3594.65,3595.385,3594.5665,3595.1899999999996
2025-09-05 15:51:00,3595.21,3595.3199999999997,3594.445,3594.9849999999997
2025-09-05 15:52:00,3595.0099999999998,3595.0649999999996,3594.2700000000004,3594.69
2025-09-05 15:53:00,3594.7249999999995,3595.495,3593.3300000000004,3595.445
2025-09-05 15:54:00,3595.42,3595.495,3594.335,3594.71
2025-09-05 15:55:00,3594.7699999999995,3594.9200000000005,3593.4435,3594.3250000000007
2025-09-05 15:56:00,3594.3434999999995,3594.3534999999997,3592.795,3593.2299999999996
2025-09-05 15:57:00,3593.2850000000003,3593.4800000000005,3592.3450000000003,3592.9585
2025-09-05 15:58:00,3593.125,3593.77,3592.5685000000003,3593.75
2025-09-05 15:59:00,3593.7585,3593.83,3591.9649999999997,3592.13
2025-09-05 16:00:00,3592.0950000000003,3592.615,3591.32,3591.6335000000004
2025-09-05 16:01:00,3591.6035,3593.7650000000003,3591.53,3592.505
2025-09-05 16:02:00,3592.4900000000002,3593.4799999999996,3592.4900000000002,3593.13
2025-09-05 16:03:00,3593.15,3594.6985,3592.975,3594.6835
2025-09-05 16:04:00,3594.6735000000003,3595.7985,3594.5785,3595.7985
2025-09-05 16:05:00,3595.7885000000006,3597.5049999999997,3595.6599999999994,3597.4784999999997
2025-09-05 16:06:00,3597.4685,3597.9599999999996,3596.9,3597.48
2025-09-05 16:07:00,3597.47,3598.335,3596.9515,3598.335
2025-09-05 16:08:00,3598.3599999999997,3598.54,3596.89,3597.875
2025-09-05 16:09:00,3597.8449999999993,3599.0049999999997,3597.1599999999994,3597.3199999999997
2025-09-05 16:10:00,3597.3349999999996,3598.2150000000006,3595.9465,3596.715
2025-09-05 16:11:00,3596.685,3597.735,3596.5099999999998,3596.77
2025-09-05 16:12:00,3596.96,3597.2549999999997,3596.08,3596.2400000000002
2025-09-05 16:13:00,3596.28,3596.955,3596.25,3596.4550000000004
2025-09-05 16:14:00,3596.4799999999996,3597.2949999999996,3596.175,3597.2000000000003
2025-09-05 16:15:00,3597.2200000000003,3597.68,3596.5900000000006,3597.0750000000003
2025-09-05 16:16:00,3597.09,3597.585,3596.6350000000007,3596.71
2025-09-05 16:17:00,3596.725,3597.595,3596.5149999999994,3597.2899999999995
2025-09-05 16:18:00,3597.3050000000003,3598.38,3597.2849999999994,3597.9550000000004
2025-09-05 16:19:00,3597.9849999999997,3598.0599999999995,3596.975,3597.8949999999995
2025-09-05 16:20:00,3597.92,3598.0499999999997,3597.1649999999995,3597.7450000000003
2025-09-05 16:21:00,3597.71,3598.49,3597.6749999999997,3597.77
2025-09-05 16:22:00,3597.8049999999994,3598.6734999999994,3597.365,3598.2865
2025-09-05 16:23:00,3598.325,3599.0300000000007,3598.225,3598.97
2025-09-05 16:24:00,3598.9900000000007,3599.935,3598.9000000000005,3599.295
2025-09-05 16:25:00,3599.32,3600.025,3599.265,3599.3300000000004
2025-09-05 16:26:00,3599.335,3599.4335,3597.4599999999996,3598.0400000000004
2025-09-05 16:27:00,3598.0649999999996,3599.0165000000006,3597.905,3598.335
2025-09-05 16:28:00,3598.3549999999996,3598.59,3598.0715000000005,3598.59
2025-09-05 16:29:00,3598.57,3599.935,3598.505,3599.66
2025-09-05 16:30:00,3599.68,3600.1400000000003,3599.4749999999995,3599.91
2025-09-05 16:31:00,3599.890000000001,3600.06,3599.3899999999994,3599.995
2025-09-05 16:32:00,3600.02,3600.175,3599.3849999999993,3599.405
2025-09-05 16:33:00,3599.385,3599.5850000000005,3598.6549999999993,3598.8300000000004
2025-09-05 16:34:00,3598.8150000000005,3599.5150000000003,3598.265,3599.0299999999997
2025-09-05 16:35:00,3599.0,3599.18,3596.4849999999997,3596.6750000000006
2025-09-05 16:36:00,3596.68,3597.9950000000003,3596.68,3596.91
2025-09-05 16:37:00,3596.9300000000003,3597.1999999999994,3595.99,3596.18
2025-09-05 16:38:00,3596.225,3596.975,3595.44,3595.4899999999993
2025-09-05 16:39:00,3595.46,3595.495,3594.005,3594.1015
2025-09-05 16:40:00,3594.1114999999995,3594.1315000000004,3592.6850000000004,3593.1965000000005
2025-09-05 16:41:00,3593.2065000000002,3594.6515,3593.145,3594.3365
2025-09-05 16:42:00,3594.3465000000006,3594.65,3593.2500000000005,3593.8050000000003
2025-09-05 16:43:00,3593.8450000000003,3594.8,3593.79,3594.4665
2025-09-05 16:44:00,3594.4900000000002,3595.395,3594.4715,3594.8650000000002
2025-09-05 16:45:00,3594.8349999999996,3595.91,3594.2300000000005,3595.785
2025-09-05 16:46:00,3595.89,3596.4614999999994,3595.6949999999997,3596.14
2025-09-05 16:47:00,3596.1150000000002,3596.3250000000003,3595.140000000001,3596.185
2025-09-05 16:48:00,3596.165,3597.1800000000003,3595.995,3597.045
2025-09-05 16:49:00,3597.01,3597.63,3596.95,3597.49
2025-09-05 16:50:00,3597.47,3597.8,3597.0550000000003,3597.435
2025-09-05 16:51:00,3597.4149999999995,3597.5300000000007,3596.875,3597.4765000000007
2025-09-05 16:52:00,3597.4450000000006,3598.0850000000005,3597.1400000000003,3597.2450000000003
2025-09-05 16:53:00,3597.2200000000003,3597.365,3595.91,3596.3
2025-09-05 16:54:00,3596.335,3596.615,3595.7000000000003,3595.7000000000003
2025-09-05 16:55:00,3595.7065000000002,3596.3814999999995,3595.0249999999996,3595.1465
2025-09-05 16:56:00,3595.1565,3595.4750000000004,3594.655,3595.04
2025-09-05 16:57:00,3595.0699999999997,3595.1099999999997,3594.1234999999997,3594.6600000000003
2025-09-05 16:58:00,3594.61,3594.61,3593.9899999999993,3594.2250000000004
2025-09-05 16:59:00,3594.2049999999995,3595.54,3594.0950000000003,3595.2349999999997
2025-09-05 17:00:00,3595.27,3595.8600000000006,3595.0114999999996,3595.7099999999996
2025-09-05 17:01:00,3595.6699999999996,3596.12,3594.8499999999995,3596.0885000000003
2025-09-05 17:02:00,3596.0835,3596.13,3593.2699999999995,3593.555
2025-09-05 17:03:00,3593.4650000000006,3594.76,3593.4399999999996,3593.785
2025-09-05 17:04:00,3593.8,3594.1949999999997,3592.805,3593.3265000000006
2025-09-05 17:05:00,3593.3315000000002,3593.985,3592.1814999999997,3592.2365
2025-09-05 17:06:00,3592.1715,3593.43,3591.9415,3592.945
2025-09-05 17:07:00,3592.905,3593.2400000000002,3590.485,3590.925
2025-09-05 17:08:00,3590.7650000000003,3592.7149999999997,3590.4700000000007,3592.6249999999995
2025-09-05 17:09:00,3592.375,3593.3349999999996,3592.34,3592.6400000000003
2025-09-05 17:10:00,3592.5784999999996,3593.0950000000003,3591.9534999999996,3592.7149999999997
2025-09-05 17:11:00,3592.7149999999997,3592.93,3592.105,3592.93
2025-09-05 17:12:00,3592.9249999999997,3593.065,3591.8199999999997,3592.14
2025-09-05 17:13:00,3592.105,3592.6000000000004,3591.52,3592.465
2025-09-05 17:14:00,3592.4350000000004,3593.0950000000003,3592.23,3592.9585
2025-09-05 17:15:00,3592.8835,3593.8450000000003,3592.4585,3593.455
2025-09-05 17:16:00,3593.4350000000004,3594.265,3593.3949999999995,3594.0
2025-09-05 17:17:00,3594.0399999999995,3594.1499999999996,3592.7049999999995,3593.4350000000004
2025-09-05 17:18:00,3593.41,3593.41,3592.5899999999997,3593.1065000000003
2025-09-05 17:19:00,3593.1250000000005,3593.215,3592.38,3592.825
2025-09-05 17:20:00,3592.845,3594.1950000000006,3592.815,3593.67
2025-09-05 17:21:00,3593.545,3594.8814999999995,3593.545,3594.7400000000002
2025-09-05 17:22:00,3594.7699999999995,3595.34,3594.6749999999993,3595.2765
2025-09-05 17:23:00,3595.325,3596.3465,3594.7900000000004,3595.8849999999998
2025-09-05 17:24:00,3595.91,3595.91,3594.9449999999997,3595.175
2025-09-05 17:25:00,3595.2,3595.6249999999995,3594.8949999999995,3595.0200000000004
2025-09-05 17:26:00,3595.0450000000005,3595.54,3594.9100000000003,3595.19
2025-09-05 17:27:00,3595.215,3595.2650000000003,3594.1649999999995,3594.4900000000002
2025-09-05 17:28:00,3594.53,3595.59,3594.53,3594.995
2025-09-05 17:29:00,3595.0434999999998,3596.965,3595.0434999999998,3596.2085
2025-09-05 17:30:00,3596.1535,3597.5300000000007,3595.8985,3597.5300000000007
2025-09-05 17:31:00,3597.5499999999997,3597.555,3596.295,3596.715
2025-09-05 17:32:00,3596.74,3597.26,3596.5050000000006,3597.1199999999994
2025-09-05 17:33:00,3597.155,3597.195,3596.2900000000004,3596.645
2025-09-05 17:34:00,3596.6750000000006,3596.745,3595.9999999999995,3596.32
2025-09-05 17:35:00,3596.3450000000003,3596.6,3596.1,3596.4500000000003
2025-09-05 17:36:00,3596.4300000000003,3596.4550000000004,3595.255,3595.265
2025-09-05 17:37:00,3595.165,3595.5465000000004,3594.0799999999995,3594.37
2025-09-05 17:38:00,3594.345,3594.52,3593.4800000000005,3593.76
2025-09-05 17:39:00,3593.73,3595.0699999999997,3593.67,3594.75
2025-09-05 17:40:00,3594.7699999999995,3594.7699999999995,3593.4700000000007,3593.4700000000007
2025-09-05 17:41:00,3593.49,3594.0799999999995,3593.195,3593.76
2025-09-05 17:42:00,3593.71,3595.0885,3593.5649999999996,3594.8499999999995
2025-09-05 17:43:00,3594.8,3594.95,3594.2350000000006,3594.4
2025-09-05 17:44:00,3594.445,3595.22,3594.1200000000003,3595.1085
2025-09-05 17:45:00,3595.1184999999996,3596.685,3595.1184999999996,3596.685
2025-09-05 17:46:00,3596.6385,3597.3600000000006,3596.6385,3596.8485
2025-09-05 17:47:00,3596.92,3597.2435000000005,3596.1884999999993,3596.3634999999995
2025-09-05 17:48:00,3596.2035,3596.3050000000003,3595.55,3595.7899999999995
2025-09-05 17:49:00,3595.8084999999996,3596.2685,3595.5600000000004,3595.9535
2025-09-05 17:50:00,3595.9334999999996,3596.2535000000003,3595.415,3595.9735
2025-09-05 17:51:00,3596.0499999999997,3596.6335,3595.935,3596.3099999999995
2025-09-05 17:52:00,3596.19,3597.045,3596.19,3596.855
2025-09-05 17:53:00,3596.81,3597.3399999999997,3596.7299999999996,3597.2350000000006
2025-09-05 17:54:00,3597.2549999999997,3597.3585,3596.5784999999996,3596.7585
2025-09-05 17:55:00,3596.7535,3597.4000000000005,3596.4449999999997,3596.5649999999996
2025-09-05 17:56:00,3596.5500000000006,3596.9385,3596.3285,3596.4235000000003
2025-09-05 17:57:00,3596.4385,3596.955,3596.095,3596.32
2025-09-05 17:58:00,3596.3449999999993,3596.7,3596.1600000000003,3596.4950000000003
2025-09-05 17:59:00,3596.5199999999995,3596.66,3596.105,3596.5450000000005
2025-09-05 18:00:00,3596.625,3597.4000000000005,3595.6649999999995,3595.7899999999995
2025-09-05 18:01:00,3595.805,3596.665,3595.105,3596.3750000000005
2025-09-05 18:02:00,3596.405,3596.91,3596.185,3596.58
2025-09-05 18:03:00,3596.5599999999995,3596.6349999999998,3595.93,3596.5699999999997
2025-09-05 18:04:00,3596.5199999999995,3597.2700000000004,3596.155,3596.2649999999994
2025-09-05 18:05:00,3596.2599999999993,3596.885,3596.2000000000003,3596.3499999999995
2025-09-05 18:06:00,3596.32,3596.5899999999997,3595.8799999999997,3595.9199999999996
2025-09-05 18:07:00,3595.9500000000007,3596.145,3595.4750000000004,3595.525
2025-09-05 18:08:00,3595.55,3595.7000000000003,3594.9799999999996,3595.165
2025-09-05 18:09:00,3595.205,3596.28,3595.13,3595.935
2025-09-05 18:10:00,3595.9149999999995,3596.2649999999994,3595.31,3595.3149999999996
2025-09-05 18:11:00,3595.34,3595.8200000000006,3595.24,3595.4899999999993
2025-09-05 18:12:00,3595.4700000000003,3595.51,3593.945,3594.0
2025-09-05 18:13:00,3594.0250000000005,3594.5099999999998,3593.1399999999994,3593.2649999999994
2025-09-05 18:14:00,3593.2400000000002,3593.3750000000005,3592.5934999999995,3592.7684999999997
2025-09-05 18:15:00,3592.855,3593.84,3592.7300000000005,3593.6099999999997
2025-09-05 18:16:00,3593.67,3594.2700000000004,3593.5,3594.2700000000004
2025-09-05 18:17:00,3594.2300000000005,3594.29,3593.605,3593.6634999999997
2025-09-05 18:18:00,3593.635,3593.7785000000003,3592.8084999999996,3593.6385
2025-09-05 18:19:00,3593.5685,3594.9849999999997,3593.2285,3594.8585000000003
2025-09-05 18:20:00,3594.9285000000004,3594.9285000000004,3594.6385,3594.6785
2025-09-05 18:21:00,3594.7435,3595.0035,3594.2999999999997,3594.4900000000002
2025-09-05 18:22:00,3594.515,3595.355,3594.3600000000006,3594.4249999999997
2025-09-05 18:23:00,3594.395,3595.2299999999996,3594.3399999999997,3595.13
2025-09-05 18:24:00,3595.1184999999996,3595.44,3594.8899999999994,3595.34
2025-09-05 18:25:00,3595.265,3595.41,3594.685,3595.0000000000005
2025-09-05 18:26:00,3595.0200000000004,3595.14,3594.5750000000003,3594.65
2025-09-05 18:27:00,3594.625,3595.0450000000005,3594.1450000000004,3594.595
2025-09-05 18:28:00,3594.525,3594.544999999999,3593.885,3594.2050000000004
2025-09-05 18:29:00,3594.1699999999996,3595.0299999999997,3594.1249999999995,3594.685
2025-09-05 18:30:00,3594.605,3594.605,3592.835,3592.8534999999997
2025-09-05 18:31:00,3592.8685,3594.09,3592.6699999999996,3593.765
2025-09-05 18:32:00,3593.7015,3593.725,3592.86,3592.97
2025-09-05 18:33:00,3593.031499999999,3593.4465000000005,3592.815,3592.975
2025-09-05 18:34:00,3593.0,3593.3499999999995,3592.785,3593.1799999999994
2025-09-05 18:35:00,3593.2050000000004,3593.6099999999997,3592.97,3593.6099999999997
2025-09-05 18:36:00,3593.565,3593.8550000000005,3593.2550000000006,3593.5265
2025-09-05 18:37:00,3593.5865,3594.655,3593.4915000000005,3594.565
2025-09-05 18:38:00,3594.5350000000003,3595.1115,3594.5099999999998,3595.0499999999997
2025-09-05 18:39:00,3595.04,3595.2115,3593.9415,3594.0399999999995
2025-09-05 18:40:00,3593.98,3594.5365,3593.5364999999997,3593.7200000000003
2025-09-05 18:41:00,3593.75,3594.0799999999995,3593.4849999999997,3594.0799999999995
2025-09-05 18:42:00,3594.07,3594.3150000000005,3593.56,3594.1299999999997
2025-09-05 18:43:00,3594.1500000000005,3594.1500000000005,3593.545,3594.0600000000004
2025-09-05 18:44:00,3594.09,3594.67,3594.045,3594.545
2025-09-05 18:45:00,3594.5750000000003,3594.97,3594.2549999999997,3594.715
2025-09-05 18:46:00,3594.6600000000003,3595.635,3594.6600000000003,3595.635
2025-09-05 18:47:00,3595.6150000000002,3596.7164999999995,3595.495,3595.975
2025-09-05 18:48:00,3595.955,3596.065,3595.1265,3595.21
2025-09-05 18:49:00,3595.235,3595.3865,3594.7365000000004,3595.2015
2025-09-05 18:50:00,3595.2315,3595.415,3594.7500000000005,3595.3865
2025-09-05 18:51:00,3595.41,3595.8399999999997,3595.3865,3595.7499999999995
2025-09-05 18:52:00,3595.7250000000004,3595.7250000000004,3595.2799999999997,3595.385
2025-09-05 18:53:00,3595.4,3595.42,3594.555,3595.015
2025-09-05 18:54:00,3595.0249999999996,3595.7849999999994,3594.665,3595.505
2025-09-05 18:55:00,3595.4899999999993,3595.7165000000005,3595.1115,3595.2
2025-09-05 18:56:00,3595.1949999999997,3595.4015,3595.1665,3595.385
2025-09-05 18:57:00,3595.3514999999998,3595.7900000000004,3595.3514999999998,3595.5214999999994
2025-09-05 18:58:00,3595.5165,3595.5749999999994,3595.0900000000006,3595.23
2025-09-05 18:59:00,3595.2349999999997,3595.6449999999995,3594.7715000000003,3595.4314999999992
2025-09-05 19:00:00,3595.4215,3595.9565,3594.8914999999997,3595.2065000000002
2025-09-05 19:01:00,3595.215,3595.7464999999997,3595.1815,3595.471499999999
2025-09-05 19:02:00,3595.4565000000002,3595.4615,3594.9020000000005,3595.13
2025-09-05 19:03:00,3595.1499999999996,3595.7965000000004,3595.085,3595.24
2025-09-05 19:04:00,3595.25,3595.5750000000003,3595.0000000000005,3595.5750000000003
2025-09-05 19:05:00,3595.6000000000004,3595.6000000000004,3595.2349999999997,3595.545
2025-09-05 19:06:00,3595.57,3595.6850000000004,3595.3450000000003,3595.445
2025-09-05 19:07:00,3595.42,3595.6865000000003,3595.1899999999996,3595.435
2025-09-05 19:08:00,3595.455,3595.54,3594.995,3594.995
2025-09-05 19:09:00,3595.0049999999997,3595.31,3594.39,3594.8
2025-09-05 19:10:00,3594.7400000000002,3595.085,3594.735,3595.075
2025-09-05 19:11:00,3595.095,3595.7599999999998,3594.8650000000002,3595.5350000000003
2025-09-05 19:12:00,3595.45,3595.45,3594.3849999999998,3594.4050000000007
2025-09-05 19:13:00,3594.3865,3594.4464999999996,3593.8450000000003,3593.9049999999993
2025-09-05 19:14:00,3593.915,3594.1499999999996,3592.7350000000006,3593.0949999999993
2025-09-05 19:15:00,3593.09,3594.335,3593.09,3594.2499999999995
2025-09-05 19:16:00,3594.24,3594.5750000000003,3594.1150000000002,3594.2350000000006
2025-09-05 19:17:00,3594.2700000000004,3594.61,3594.1599999999994,3594.47
2025-09-05 19:18:00,3594.5,3594.6200000000003,3594.1599999999994,3594.365
2025-09-05 19:19:00,3594.39,3594.6799999999994,3593.9,3593.91
2025-09-05 19:20:00,3593.9300000000003,3594.37,3593.8450000000003,3593.87
2025-09-05 19:21:00,3593.9700000000003,3594.22,3592.7999999999997,3593.2850000000003
2025-09-05 19:22:00,3593.4449999999997,3594.485,3593.195,3594.485
2025-09-05 19:23:00,3594.4649999999997,3595.015,3594.4649999999997,3594.95
2025-09-05 19:24:00,3594.9299999999994,3595.4,3594.7850000000003,3595.055
2025-09-05 19:25:00,3594.995,3595.075,3594.3799999999997,3594.515
2025-09-05 19:26:00,3594.4900000000002,3594.4900000000002,3593.985,3593.985
2025-09-05 19:27:00,3593.965,3594.31,3593.1600000000003,3593.675
2025-09-05 19:28:00,3593.69,3593.9800000000005,3593.1349999999993,3593.9499999999994
2025-09-05 19:29:00,3593.96,3594.325,3593.63,3593.835
2025-09-05 19:30:00,3593.8,3593.8,3593.09,3593.3949999999995
2025-09-05 19:31:00,3593.3750000000005,3593.9800000000005,3593.2900000000004,3593.82
2025-09-05 19:32:00,3593.83,3594.455,3593.685,3594.1249999999995
2025-09-05 19:33:00,3594.09,3594.41,3593.8950000000004,3593.9949999999994
2025-09-05 19:34:00,3593.9750000000004,3594.35,3593.835,3594.0749999999994
2025-09-05 19:35:00,3594.025,3594.025,3592.725,3592.96
2025-09-05 19:36:00,3592.94,3593.895,3592.94,3593.83
2025-09-05 19:37:00,3593.815,3593.8450000000003,3593.3999999999996,3593.6049999999996
2025-09-05 19:38:00,3593.6,3593.62,3593.11,3593.455
2025-09-05 19:39:00,3593.4449999999997,3593.6899999999996,3592.6450000000004,3592.805
2025-09-05 19:40:00,3592.8250000000007,3593.985,3592.6949999999997,3593.735
2025-09-05 19:41:00,3593.775,3594.005,3593.4799999999996,3593.85
2025-09-05 19:42:00,3593.855,3593.9300000000003,3593.5099999999998,3593.695
2025-09-05 19:43:00,3593.685,3593.795,3593.235,3593.2450000000003
2025-09-05 19:44:00,3593.3615000000004,3593.98,3593.2450000000003,3593.2649999999994
2025-09-05 19:45:00,3593.2749999999996,3593.3250000000003,3592.7599999999998,3593.0350000000003
2025-09-05 19:46:00,3593.0499999999993,3593.582,3592.87,3593.502
2025-09-05 19:47:00,3593.497,3594.2,3593.455,3594.1670000000004
2025-09-05 19:48:00,3594.1569999999997,3595.407,3593.8365,3595.27
2025-09-05 19:49:00,3595.3469999999998,3595.392,3594.7149999999992,3594.9849999999997
2025-09-05 19:50:00,3594.9600000000005,3595.6450000000004,3594.9600000000005,3595.395
2025-09-05 19:51:00,3595.385,3595.7520000000004,3595.185,3595.487
2025-09-05 19:52:00,3595.482,3596.127,3594.8615000000004,3595.0919999999996
2025-09-05 19:53:00,3594.9449999999997,3595.6670000000004,3594.6215,3595.3199999999997
2025-09-05 19:54:00,3595.1814999999997,3595.7270000000003,3595.0265,3595.1
2025-09-05 19:55:00,3595.1769999999997,3595.6019999999994,3595.0365000000006,3595.24
2025-09-05 19:56:00,3595.245,3595.6519999999996,3594.6365,3595.2015
2025-09-05 19:57:00,3595.332,3595.6620000000003,3595.0164999999997,3595.2664999999997
2025-09-05 19:58:00,3595.2815,3595.5664999999995,3595.0665,3595.51
2025-09-05 19:59:00,3595.5,3595.9019999999996,3594.33,3594.7765000000004
2025-09-05 20:00:00,3594.7315000000003,3595.3165,3592.3015,3592.3015
2025-09-05 20:01:00,3592.2200000000003,3592.3265,3589.1035,3589.2185
2025-09-05 20:02:00,3589.1735,3589.8015,3587.325,3587.38
2025-09-05 20:03:00,3587.3615,3589.4764999999998,3587.1300000000006,3588.5914999999995
2025-09-05 20:04:00,3588.5914999999995,3589.7115,3588.5165,3589.6014999999998
2025-09-05 20:05:00,3589.6164999999996,3589.6515,3588.875,3589.5615
2025-09-05 20:06:00,3589.5565000000006,3591.5,3589.5565000000006,3591.2165
2025-09-05 20:07:00,3591.1635000000006,3591.9449999999997,3590.8649999999993,3591.9349999999995
2025-09-05 20:08:00,3591.915,3592.2799999999997,3591.48,3591.5055
2025-09-05 20:09:00,3591.3815,3591.7699999999995,3590.88,3591.3650000000002
2025-09-05 20:10:00,3591.44,3591.695,3590.9149999999995,3591.35
2025-09-05 20:11:00,3591.325,3591.37,3590.535,3590.8199999999993
2025-09-05 20:12:00,3590.8249999999994,3591.0120000000006,3590.0014999999994,3590.1600000000003
2025-09-05 20:13:00,3590.072,3590.45,3589.875,3590.325
2025-09-05 20:14:00,3590.375,3590.375,3589.735,3589.735
2025-09-05 20:15:00,3589.5449999999996,3589.5849999999996,3588.6049999999996,3588.865
2025-09-05 20:16:00,3588.8599999999997,3589.3250000000003,3588.6700000000005,3588.79
2025-09-05 20:17:00,3588.7699999999995,3589.9950000000003,3588.7599999999998,3589.96
2025-09-05 20:18:00,3589.98,3590.365,3589.5049999999997,3589.6950000000006
2025-09-05 20:19:00,3589.6649999999995,3589.775,3589.16,3589.2885
2025-09-05 20:20:00,3589.3035,3590.505,3589.225,3590.3599999999997
2025-09-05 20:21:00,3590.3850000000007,3590.745,3590.135,3590.365
2025-09-05 20:22:00,3590.395,3590.5735,3590.1499999999996,3590.2650000000003
2025-09-05 20:23:00,3590.2834999999995,3590.63,3590.1849999999995,3590.475
2025-09-05 20:24:00,3590.4449999999997,3590.7650000000003,3590.2299999999996,3590.495
2025-09-05 20:25:00,3590.475,3590.4799999999996,3590.0750000000003,3590.135
2025-09-05 20:26:00,3590.1049999999996,3590.285,3589.6950000000006,3589.925
2025-09-05 20:27:00,3589.855,3589.875,3589.29,3589.34
2025-09-05 20:28:00,3589.3234999999995,3590.0549999999994,3589.25,3589.955
2025-09-05 20:29:00,3589.98,3590.5235,3589.8650000000002,3590.2050000000004
2025-09-05 20:30:00,3590.1799999999994,3590.62,3590.0350000000003,3590.1150000000002
2025-09-05 20:31:00,3590.135,3590.2599999999998,3589.0550000000003,3589.105
2025-09-05 20:32:00,3589.125,3589.3935,3588.7250000000004,3589.105
2025-09-05 20:33:00,3589.0699999999997,3589.4350000000004,3588.9049999999997,3589.405
2025-09-05 20:34:00,3589.425,3589.905,3589.0950000000003,3589.23
2025-09-05 20:35:00,3589.21,3589.3249999999994,3588.7599999999998,3589.27
2025-09-05 20:36:00,3589.255,3589.4350000000004,3588.965,3589.38
2025-09-05 20:37:00,3589.3600000000006,3589.3600000000006,3588.835,3588.835
2025-09-05 20:38:00,3588.890000000001,3589.4949999999994,3588.8499999999995,3589.4599999999996
2025-09-05 20:39:00,3589.4549999999995,3589.7149999999997,3589.3900000000003,3589.5449999999996
2025-09-05 20:40:00,3589.5049999999997,3589.5049999999997,3589.1,3589.14
2025-09-05 20:41:00,3589.175,3589.72,3589.145,3589.685
2025-09-05 20:42:00,3589.7,3589.765,3589.4599999999996,3589.72
2025-09-05 20:43:00,3589.74,3589.895,3589.535,3589.71
2025-09-05 20:44:00,3589.7549999999997,3589.985,3589.5499999999997,3589.9550000000004
2025-09-05 20:45:00,3589.9249999999993,3589.93,3588.9399999999996,3589.02
2025-09-05 20:46:00,3589.13,3589.2400000000002,3589.04,3589.135
2025-09-05 20:47:00,3589.085,3589.3900000000003,3588.8999999999996,3589.13
2025-09-05 20:48:00,3589.17,3589.25,3588.5149999999994,3588.6565000000005
2025-09-05 20:49:00,3588.6614999999997,3588.8215,3587.5265,3587.5665
2025-09-05 20:50:00,3587.5515,3587.6915,3586.3214999999996,3587.1165000000005
2025-09-05 20:51:00,3587.0964999999997,3587.2264999999998,3586.7515,3586.9765
2025-09-05 20:52:00,3586.9865000000004,3588.4215,3586.9865000000004,3588.3765
2025-09-05 20:53:00,3588.4215,3588.7715,3587.885,3588.5315
2025-09-05 20:54:00,3588.2014999999997,3588.2014999999997,3587.1300000000006,3587.2815
2025-09-05 20:55:00,3587.5815000000002,3588.0515000000005,3586.8965000000003,3587.7250000000004
2025-09-05 20:56:00,3587.675,3587.675,3586.3799999999997,3586.7400000000002
2025-09-05 20:57:00,3586.645,3586.9565000000002,3586.43,3586.7400000000002
2025-09-05 20:58:00,3586.725,3587.1164999999996,3586.68,3586.78
2025-09-05 20:59:00,3586.73,3586.9865000000004,3586.3785,3586.620000000001
